2017-09-19 06:30:00,86.03,22.59,100.65,0,91.03,27.2,0,,,,
2017-09-19 06:00:00,86.97,22.29,100.64,0,91.05,2.6,0,,,,
2017-09-19 05:30:00,89.12,22.11,100.64,0,91.06,0.95,0,,,,
2017-09-19 05:00:00,88.91,22.07,100.61,0,91.08,0.95,0,,,,
2017-09-19 04:30:00,90.15,22.24,100.58,0,91.03,0.95,0,,,,
2017-09-19 04:00:00,88.4,22.34,100.56,0,91.04,0.96,0,,,,
2017-09-19 03:30:00,89.1,22.03,100.56,0,91.05,0.94,0,,,,
2017-09-19 03:00:00,88.97,22.29,100.55,0,91.05,0.95,0,,,,
2017-09-19 02:30:00,87.99,21.97,100.56,0,91.06,0.95,0,,,,
2017-09-19 02:00:00,88.25,21.95,100.59,0.03,91.05,0.95,0,,,,
2017-09-19 01:30:00,88.55,22.03,100.59,0,91.04,0.93,0,,,,
2017-09-19 01:00:00,86,22.2,100.62,0,91.06,0.93,0,,,,
2017-09-19 00:30:00,85.45,22.23,100.63,0,91.06,0.94,0,,,,
2017-09-19 00:00:00,86.11,21.9,100.63,0,91.07,0.94,0,,,,
2017-09-18 23:30:00,84.78,22.36,100.63,0.03,91.11,0.94,0,,,,
2017-09-18 23:00:00,80.67,23.63,100.65,0.11,89.44,0.93,0,,,,
2017-09-18 22:30:00,79.42,23.66,100.63,0.52,92.4,0.95,0,,,,
2017-09-18 22:00:00,86.87,22.99,100.64,0.01,81.38,0.95,0,,,,
2017-09-18 21:30:00,85.66,23.09,100.64,0,81.39,0.92,0,,,,
2017-09-18 21:00:00,86.94,22.94,100.64,0,81.42,0.94,0,,,,
2017-09-18 20:30:00,88.16,23.05,100.65,0.42,91.3,0.93,0,,,,
2017-09-18 20:00:00,87.52,23.69,100.63,0,102.69,0.93,0,,,,
2017-09-18 19:30:00,84.79,23.9,100.61,0,102.7,0.93,0,,,,
2017-09-18 19:00:00,81.58,24.73,100.56,0.01,102.72,0.93,0,,,,
2017-09-18 18:30:00,76.24,26.08,100.54,0,72.39,0.94,0,,,,
2017-09-18 18:00:00,75.31,26.7,100.52,0,72.36,6.29,0,,,,
2017-09-18 17:30:00,71.33,27.47,100.53,0,72.18,37.71,0,,,,
2017-09-18 17:00:00,68.46,28.7,100.54,0.28,86.02,112.4,0,,,,
2017-09-18 16:30:00,63.65,29.3,100.52,1.08,70.74,209.71,0,,,,
2017-09-18 16:00:00,60.67,29.6,100.51,1.49,71.26,297.24,0,,,,
2017-09-18 15:30:00,65.55,29.21,100.52,1.66,54.58,391.48,0,,,,
2017-09-18 15:00:00,60,29.71,100.54,2.13,69.62,490.07,0,,,,
2017-09-18 14:30:00,54.23,30.06,100.54,2.22,64.18,577.26,0,,,,
2017-09-18 14:00:00,62.07,29.58,100.57,2.05,61.34,648.6,0,,,,
2017-09-18 13:30:00,62.54,29.32,100.61,2.49,62.07,685.54,0,,,,
2017-09-18 13:00:00,63.01,29.35,100.66,2.31,69.2,734.4,0,,,,
2017-09-18 12:30:00,61.48,29.22,100.7,2.36,75.09,770.65,0,,,,
2017-09-18 12:00:00,60.14,29.51,100.73,2.16,70.32,782.16,0,,,,
2017-09-18 11:30:00,62.21,29.31,100.79,2.19,74.86,783,0,,,,
2017-09-18 11:00:00,65.62,28.39,100.84,2.02,60.09,757.49,0,,,,
2017-09-18 10:30:00,64.88,28.6,100.86,1.96,56.81,720.09,0,,,,
2017-09-18 10:00:00,59.84,29.4,100.86,1.55,90.48,659.08,0,,,,
2017-09-18 09:30:00,61.89,28.93,100.86,1,83.05,591.25,0,,,,
2017-09-18 09:00:00,69.58,27.53,100.88,0.6,12.07,510.44,0,,,,
2017-09-18 08:30:00,71.35,26.39,100.86,0.13,98.07,423.9,0,,,,
2017-09-18 08:00:00,71.78,25.72,100.85,0.13,96.61,329.42,0,,,,
2017-09-18 07:30:00,76.89,24.5,100.82,0,96.68,233.99,0,,,,
2017-09-18 07:00:00,84.22,22.27,100.79,0.03,96.81,136.6,0,,,,
2017-09-18 06:30:00,93.44,19.71,100.77,0,97.13,43.55,0,,,,
2017-09-18 06:00:00,93.37,18.92,100.75,0,97.26,7.59,0,,,,
2017-09-18 05:30:00,91.65,19.41,100.76,0,97.25,0.98,0,,,,
2017-09-18 05:00:00,92.25,19.35,100.72,0.01,97.25,0.93,0,,,,
2017-09-18 04:30:00,92.8,19.28,100.72,0,97.25,0.95,0,,,,
2017-09-18 04:00:00,92.42,19.28,100.72,0,97.25,0.93,0,,,,
2017-09-18 03:30:00,91.46,19.72,100.72,0,97.24,0.94,0,,,,
2017-09-18 03:00:00,90.8,19.85,100.74,0.01,97.24,0.94,0,,,,
2017-09-18 02:30:00,90.78,19.96,100.73,0,97.24,0.93,0,,,,
2017-09-18 02:00:00,89.47,20.34,100.76,0.03,97.22,0.95,0,,,,
2017-09-18 01:30:00,90.39,20.25,100.77,0,97.22,0.96,0,,,,
2017-09-18 01:00:00,87.81,20.85,100.78,0.03,97.22,0.93,0,,,,
2017-09-18 00:30:00,88.98,20.7,100.77,0.01,97.21,0.94,0,,,,
2017-09-18 00:00:00,87.82,20.88,100.77,0,97.22,0.94,0,,,,
2017-09-17 23:30:00,86.69,21.22,100.79,0.03,97.25,0.94,0,,,,
2017-09-17 23:00:00,84.59,21.71,100.79,0.23,97.24,0.95,0,,,,
2017-09-17 22:30:00,82.15,22.13,100.8,0.25,97.25,0.95,0,,,,
2017-09-17 22:00:00,85.54,21.85,100.82,0,97.98,0.93,0,,,,
2017-09-17 21:30:00,82.86,22.22,100.82,0,97.97,0.93,0,,,,
2017-09-17 21:00:00,82.55,22.6,100.82,0.15,97.98,0.94,0,,,,
2017-09-17 20:30:00,82.85,22.86,100.81,0,97.96,0.95,0,,,,
2017-09-17 20:00:00,78.65,23.74,100.79,0.02,97.95,0.94,0,,,,
2017-09-17 19:30:00,77.05,23.77,100.75,0,97.96,0.94,0,,,,
2017-09-17 19:00:00,77.23,24.4,100.72,0.01,97.99,0.93,0,,,,
2017-09-17 18:30:00,68.98,25.52,100.69,0.13,97.89,1.18,0,,,,
2017-09-17 18:00:00,63.8,26.54,100.68,0.22,98.29,13.44,0,,,,
2017-09-17 17:30:00,58.87,27.77,100.66,0.42,97.37,43.17,0,,,,
2017-09-17 17:00:00,51.77,29.48,100.66,0.44,54.85,150.48,0,,,,
2017-09-17 16:30:00,49.92,30.02,100.66,0.6,46.59,256.58,0,,,,
2017-09-17 16:00:00,50.67,29.87,100.66,0.87,27.95,348.55,0,,,,
2017-09-17 15:30:00,49.17,30.75,100.66,0.81,73.71,463.72,0,,,,
2017-09-17 15:00:00,52.43,29.97,100.67,1.17,53.45,541.32,0,,,,
2017-09-17 14:30:00,54.46,29.43,100.67,1.72,27.26,614.34,0,,,,
2017-09-17 14:00:00,53.39,29.94,100.7,0.97,29.21,670.13,0,,,,
2017-09-17 13:30:00,54.22,29.09,100.73,1.43,0,728.78,0,,,,
2017-09-17 13:00:00,52.91,29.03,100.75,1.86,37.58,769.87,0,,,,
2017-09-17 12:30:00,55.13,29.1,100.79,0.63,61.13,764.71,0,,,,
2017-09-17 12:00:00,57.05,28.56,100.83,1.27,65.98,779.52,0,,,,
2017-09-17 11:30:00,59.43,27.86,100.86,1.29,38.66,798.37,0,,,,
2017-09-17 11:00:00,59.59,27.48,100.89,1.67,45.86,747.16,0,,,,
2017-09-17 10:30:00,62.42,27.08,100.94,0.92,80.98,742.76,0,,,,
2017-09-17 10:00:00,66.81,26.01,100.97,1.41,28.75,722.42,0,,,,
2017-09-17 09:30:00,72.23,25.61,100.95,1.26,29.57,669.97,0,,,,
2017-09-17 09:00:00,73.27,24.57,100.91,2,41.92,502.43,0,,,,
2017-09-17 08:30:00,74.67,24.17,100.89,2.69,34.28,434.37,0,,,,
2017-09-17 08:00:00,75.75,24.25,100.89,0.8,27.28,320.12,0,,,,
2017-09-17 07:30:00,78.17,23.56,100.88,0.17,69.63,227.16,0,,,,
2017-09-17 07:00:00,83.3,22.03,100.81,0.61,91.11,131.84,0,,,,
2017-09-17 06:30:00,86.79,20.78,100.79,0.44,81.52,49.45,0,,,,
2017-09-17 06:00:00,90.1,19.69,100.74,0.37,93.19,9.37,0,,,,
2017-09-17 05:30:00,90.3,19.55,100.71,0.21,76.47,0.95,0,,,,
2017-09-17 05:00:00,90.58,19.41,100.68,0.24,83.47,0.95,0,,,,
2017-09-17 04:30:00,90.23,19.5,100.66,0.32,99.42,0.94,0,,,,
2017-09-17 04:00:00,89.26,19.74,100.68,0.61,96.95,0.92,0,,,,
2017-09-17 03:30:00,88.52,19.78,100.69,0.53,93.12,0.93,0,,,,
2017-09-17 03:00:00,88.38,19.8,100.73,0.32,92.15,0.94,0,,,,
2017-09-17 02:30:00,89.32,19.71,100.74,0.04,86.38,0.95,0,,,,
2017-09-17 02:00:00,89.58,19.83,100.73,0,33.05,0.94,0,,,,
2017-09-17 01:30:00,88.35,19.93,100.73,0,33.06,0.94,0,,,,
2017-09-17 01:00:00,87.73,20.21,100.76,0.17,30.98,0.93,0,,,,
2017-09-17 00:30:00,87.05,20.54,100.76,0,26.15,0.94,0,,,,
2017-09-17 00:00:00,85.48,20.8,100.78,0,26.14,0.93,0,,,,
2017-09-16 23:30:00,83.5,21.34,100.78,0,26.1,0.93,0,,,,
2017-09-16 23:00:00,85.47,21.54,100.81,0,26.12,0.95,0,,,,
2017-09-16 22:30:00,80.76,21.43,100.82,0,25.99,0.93,0,,,,
2017-09-16 22:00:00,79.39,21.86,100.82,0.01,26.03,0.93,0,,,,
2017-09-16 21:30:00,80.53,21.84,100.84,0,25.88,0.95,0,,,,
2017-09-16 21:00:00,79.66,22.25,100.82,0,25.89,0.94,0,,,,
2017-09-16 20:30:00,76.5,22.81,100.82,0,25.9,0.93,0,,,,
2017-09-16 20:00:00,70.86,24,100.82,0.57,32.84,0.93,0,,,,
2017-09-16 19:30:00,68.06,24.4,100.8,0.61,36.04,0.93,0,,,,
2017-09-16 19:00:00,68.34,24.19,100.76,0.1,58.7,0.92,0,,,,
2017-09-16 18:30:00,63.6,24.89,100.73,0.31,91.47,1.44,0,,,,
2017-09-16 18:00:00,60.27,25.76,100.71,1.05,50.9,15.97,0,,,,
2017-09-16 17:30:00,58.31,26.43,100.7,0.76,45.33,49.91,0,,,,
2017-09-16 17:00:00,55.45,27.32,100.69,1.41,26.89,153.57,0,,,,
2017-09-16 16:30:00,56.03,27.22,100.7,0.99,35.99,194.03,0,,,,
2017-09-16 16:00:00,52.08,28.52,100.71,1.56,46.7,378.38,0,,,,
2017-09-16 15:30:00,53.17,28.19,100.71,1.24,31.83,478.98,0,,,,
2017-09-16 15:00:00,52.04,28.73,100.71,1.31,57.7,558.8,0,,,,
2017-09-16 14:30:00,53.51,28.22,100.74,1.46,26.99,689.62,0,,,,
2017-09-16 14:00:00,54.13,27.31,100.78,2.08,36.1,510.26,0,,,,
2017-09-16 13:30:00,54.54,27.85,100.81,1.59,29.24,364.9,0,,,,
2017-09-16 13:00:00,54.98,27.99,100.83,1.34,26.53,919.29,0,,,,
2017-09-16 12:30:00,58.59,27.19,100.85,1.46,55.79,770.14,0,,,,
2017-09-16 12:00:00,62.87,26.34,100.89,1.07,19.92,239.16,0,,,,
2017-09-16 11:30:00,66.26,25.84,100.92,1.4,12.9,574.62,0,,,,
2017-09-16 11:00:00,66.68,25.34,100.96,1.54,22.26,287.82,0,,,,
2017-09-16 10:30:00,65.76,26.2,100.98,1.43,9.17,862.57,0,,,,
2017-09-16 10:00:00,67.44,25.71,101.03,1.27,19.23,686.68,0,,,,
2017-09-16 09:30:00,69.2,25.19,101.03,1.33,33.21,628.85,0,,,,
2017-09-16 09:00:00,72.22,24.38,101.04,1.63,31.71,170.01,0,,,,
2017-09-16 08:30:00,74.78,24.31,101.03,1.26,23.52,443.2,0,,,,
2017-09-16 08:00:00,77.3,23.7,101.02,1.32,29.48,333.23,0,,,,
2017-09-16 07:30:00,80.32,22.72,101.01,1.2,25.39,222.25,0,,,,
2017-09-16 07:00:00,81,22.31,101.01,0.63,36.52,71.5,0,,,,
2017-09-16 06:30:00,86.7,20.85,100.99,0.15,37.34,52.55,0,,,,
2017-09-16 06:00:00,86.94,20.57,100.97,0.2,37.78,9.5,0,,,,
2017-09-16 05:30:00,89.08,20.54,100.95,0.12,19.58,0.95,0,,,,
2017-09-16 05:00:00,89.6,20.63,100.95,0.08,71.09,0.93,0,,,,
2017-09-16 04:30:00,89.15,20.89,100.93,0.29,29.55,0.93,0,,,,
2017-09-16 04:00:00,88.5,21.2,100.92,0.1,35.77,0.93,0,,,,
2017-09-16 03:30:00,89.33,21.03,100.9,0.09,90.19,0.93,0,,,,
2017-09-16 03:00:00,87.41,21.26,100.91,0.18,72.41,0.94,0,,,,
2017-09-16 02:30:00,86.3,21.57,100.91,0.48,41.58,0.94,0,,,,
2017-09-16 02:00:00,86.46,21.63,100.91,0.42,30.55,0.91,0,,,,
2017-09-16 01:30:00,85.02,22,100.91,0.56,43.29,0.93,0,,,,
2017-09-16 01:00:00,83.65,22.36,100.94,0.75,46.27,0.93,0,,,,
2017-09-16 00:30:00,82.37,22.55,100.96,0.98,28.15,0.94,0,,,,
2017-09-16 00:00:00,82.14,22.49,100.98,0.8,39.69,0.92,0,,,,
2017-09-15 23:30:00,81,22.61,100.99,0.62,32.01,0.93,0,,,,
2017-09-15 23:00:00,80.14,22.77,101,0.73,40,0.94,0,,,,
2017-09-15 22:30:00,79.21,22.82,101.03,0.67,35.3,0.93,0,,,,
2017-09-15 22:00:00,79.9,22.63,101.05,0.24,16.29,0.92,0,,,,
2017-09-15 21:30:00,79.79,22.49,101.04,0.29,30.09,0.93,0,,,,
2017-09-15 21:00:00,78.78,22.65,101.02,0.54,35.36,0.92,0,,,,
2017-09-15 20:30:00,78.58,22.81,101.01,0.42,29.35,0.93,0,,,,
2017-09-15 20:00:00,77.64,23.11,100.98,0.41,16.92,0.92,0,,,,
2017-09-15 19:30:00,73.98,23.72,100.94,0.98,9.43,0.92,0,,,,
2017-09-15 19:00:00,74.31,23.81,100.92,0.76,33.08,0.93,0,,,,
2017-09-15 18:30:00,72.8,24.17,100.9,1.3,0,1.54,0,,,,
2017-09-15 18:00:00,69,25.09,100.87,2.7,0,16.98,0,,,,
2017-09-15 17:30:00,65.83,25.91,100.86,2.47,3.85,38.9,0,,,,
2017-09-15 17:00:00,64.05,26.93,100.86,2.75,11.43,208.07,0,,,,
2017-09-15 16:30:00,63.28,27.78,100.85,1.45,12.06,243.78,0,,,,
2017-09-15 16:00:00,64.53,27.77,100.85,1.61,0,153.89,0,,,,
2017-09-15 15:30:00,63.27,28.69,100.83,1.5,22.32,467.29,0,,,,
2017-09-15 15:00:00,64.78,28.24,100.86,1.2,0,272.11,0,,,,
2017-09-15 14:30:00,68.63,28.15,100.88,2.19,5.59,618.29,0,,,,
2017-09-15 14:00:00,73.2,27.09,100.89,0.85,34.28,324.58,0,,,,
2017-09-15 13:30:00,75.78,26.17,100.92,0.8,22.41,183.41,0,,,,
2017-09-15 13:00:00,76.45,25.98,100.93,0.85,35.49,132.49,0,,,,
2017-09-15 12:30:00,74.16,26.58,100.95,1.42,28.17,181.61,0,,,,
2017-09-15 12:00:00,77.3,25.94,100.99,0.95,23.76,256.89,0,,,,
2017-09-15 11:30:00,80.74,24.68,101.01,0.76,29.36,71.89,0,,,,
2017-09-15 11:00:00,81.3,24.57,101.02,0.71,22.41,67.15,0,,,,
2017-09-15 10:30:00,80.68,24.62,101.05,1.02,14.78,94.77,0,,,,
2017-09-15 10:00:00,80.32,24.57,101.05,1,0,129.27,0,,,,
2017-09-15 09:30:00,80.07,24.44,101.06,0.7,29.88,147.23,0,,,,
2017-09-15 09:00:00,81.95,23.7,101.06,0.61,45.49,103.14,0,,,,
2017-09-15 08:30:00,83.8,23.14,101.05,0.59,35.05,61.32,0,,,,
2017-09-15 08:00:00,83.82,23,101.04,0.48,38.23,46.05,0,,,,
2017-09-15 07:30:00,84.17,22.76,101.04,0.6,54.32,39.96,0,,,,
2017-09-15 07:00:00,85.45,22.35,101.01,0.61,33.72,25.95,0,,,,
2017-09-15 06:30:00,85.72,22.15,101.01,0.79,37.86,9.15,0,,,,
2017-09-15 06:00:00,85.99,21.94,101,0.91,46.57,2.09,0,,,,
2017-09-15 05:30:00,85.52,21.96,100.99,0.69,58.28,0.93,0,,,,
2017-09-15 05:00:00,85.63,21.81,100.99,0.77,0,0.94,0,,,,
2017-09-15 04:30:00,85.7,21.7,100.98,0.87,53.14,0.92,0,,,,
2017-09-15 04:00:00,86.16,21.64,100.98,0.72,37.12,0.94,0,,,,
2017-09-15 03:30:00,86.29,21.59,100.98,0.57,46.01,0.94,0,,,,
2017-09-15 03:00:00,85.18,21.66,100.99,0.77,53.51,0.93,0,,,,
2017-09-15 02:30:00,85.44,21.69,101.01,0.6,53.09,0.94,0,,,,
2017-09-15 02:00:00,85.89,21.56,101.02,1.04,0,0.94,0,,,,
2017-09-15 01:30:00,84.41,21.78,101.05,0.72,37.14,0.93,0,,,,
2017-09-15 01:00:00,79.71,22.43,101.06,1,27.07,0.92,0,,,,
2017-09-15 00:30:00,79.59,22.4,101.06,0.54,26.42,0.94,0,,,,
2017-09-15 00:00:00,77.5,22.57,101.08,0.83,32.75,0.94,0,,,,
2017-09-14 23:30:00,76.81,22.62,101.11,0.78,0,0.95,0,,,,
2017-09-14 23:00:00,76.92,22.54,101.11,0.7,1.52,0.93,0,,,,
2017-09-14 22:30:00,78.08,22.1,101.11,0.66,36.97,0.93,0,,,,
2017-09-14 22:00:00,76.74,22.02,101.12,0.7,24.62,0.91,0,,,,
2017-09-14 21:30:00,75.58,22.24,101.13,1.45,0,0.94,0,,,,
2017-09-14 21:00:00,72.49,22.51,101.1,1.93,3.6,0.93,0,,,,
2017-09-14 20:30:00,71.68,22.62,101.07,1.35,5.12,0.94,0,,,,
2017-09-14 20:00:00,67.46,23.35,101.04,2.08,10.76,0.93,0,,,,
2017-09-14 19:30:00,65.99,23.49,101.01,1.58,0,0.93,0,,,,
2017-09-14 19:00:00,61.71,24.39,100.97,0.96,13.88,0.92,0,,,,
2017-09-14 18:30:00,61.42,24.8,100.97,0.56,0,1.89,0,,,,
2017-09-14 18:00:00,58.6,25.64,100.99,1.82,8.6,16.93,0,,,,
2017-09-14 17:30:00,57.22,26.7,100.99,1.06,15.16,34.18,0,,,,
2017-09-14 17:00:00,55.38,27.45,100.99,1.88,0,191.04,0,,,,
2017-09-14 16:30:00,48.83,28.38,101.01,2.17,16.72,297.24,0,,,,
2017-09-14 16:00:00,49.76,28.85,101.02,1.8,33.82,409.09,0,,,,
2017-09-14 15:30:00,50.81,28.81,101.05,3.27,16.52,503.61,0,,,,
2017-09-14 15:00:00,51.58,29.47,101.04,2.05,19.22,588.86,0,,,,
2017-09-14 14:30:00,51.78,29.2,101.05,2.7,30.66,667.23,0,,,,
2017-09-14 14:00:00,52.15,29.01,101.09,2.87,28.33,735.98,0,,,,
2017-09-14 13:30:00,55.3,29.19,101.15,2.29,46.7,784.23,0,,,,
2017-09-14 13:00:00,55.59,28.98,101.18,2.15,36.42,820.17,0,,,,
2017-09-14 12:30:00,57.27,28.54,101.18,2.54,29.45,840.82,0,,,,
2017-09-14 12:00:00,60.94,28.34,101.22,2.1,40.1,837.52,0,,,,
2017-09-14 11:30:00,64.08,27.9,101.27,1.88,12.07,828.95,0,,,,
2017-09-14 11:00:00,64.42,27.13,101.31,2.63,25.64,793.54,0,,,,
2017-09-14 10:30:00,67.05,27.08,101.34,2.02,0,752.06,0,,,,
2017-09-14 10:00:00,68.56,26.25,101.37,2.34,0,695.08,0,,,,
2017-09-14 09:30:00,72.32,25.58,101.36,1.55,35.48,627.55,0,,,,
2017-09-14 09:00:00,74.59,24.66,101.35,1.96,25.94,533.02,0,,,,
2017-09-14 08:30:00,73.46,24.69,101.36,1.08,18.56,448,0,,,,
2017-09-14 08:00:00,75.23,24.08,101.36,0.99,11.96,345.98,0,,,,
2017-09-14 07:30:00,78.78,23.21,101.36,0.77,8.19,236.82,0,,,,
2017-09-14 07:00:00,81.56,22.33,101.34,0.66,35.31,137.67,0,,,,
2017-09-14 06:30:00,87.07,20.96,101.36,0.07,44.1,53.42,0,,,,
2017-09-14 06:00:00,93.78,19.09,101.31,0.02,65.47,9.82,0,,,,
2017-09-14 05:30:00,93.64,18.72,101.28,0,65.48,0.99,0,,,,
2017-09-14 05:00:00,92.96,18.57,101.25,0.09,65.54,0.94,0,,,,
2017-09-14 04:30:00,92.55,18.93,101.25,0.03,72.71,0.95,0,,,,
2017-09-14 04:00:00,92.25,19.16,101.24,0.12,65.29,0.93,0,,,,
2017-09-14 03:30:00,91.41,19.76,101.26,0,23.46,0.94,0,,,,
2017-09-14 03:00:00,91.8,19.91,101.29,0,23.48,0.94,0,,,,
2017-09-14 02:30:00,88.56,20.47,101.29,0,23.48,0.93,0,,,,
2017-09-14 02:00:00,87.61,20.73,101.32,0.13,11.41,0.94,0,,,,
2017-09-14 01:30:00,85.99,20.84,101.35,0.12,10.38,0.94,0,,,,
2017-09-14 01:00:00,83.87,20.83,101.37,0,1.25,0.93,0,,,,
2017-09-14 00:30:00,83.7,21.03,101.38,0,1.28,0.94,0,,,,
2017-09-14 00:00:00,82.75,21.58,101.4,0.08,10.71,0.93,0,,,,
2017-09-13 23:30:00,78.73,22.38,101.42,1.46,31.17,0.94,0,,,,
2017-09-13 23:00:00,77.35,22.64,101.43,1.37,30.82,0.95,0,,,,
2017-09-13 22:30:00,73.24,23.05,101.44,2,36.67,0.93,0,,,,
2017-09-13 22:00:00,70.82,23.41,101.45,1.94,42.73,0.95,0,,,,
2017-09-13 21:30:00,69.54,23.82,101.43,1.78,41.73,0.93,0,,,,
2017-09-13 21:00:00,67.87,24.13,101.43,2,47.97,0.94,0,,,,
2017-09-13 20:30:00,66.56,24.31,101.42,1.71,34.4,0.94,0,,,,
2017-09-13 20:00:00,63.45,24.9,101.39,2.44,46.41,0.92,0,,,,
2017-09-13 19:30:00,63.84,24.94,101.38,2.24,43.98,0.92,0,,,,
2017-09-13 19:00:00,61.02,25.41,101.33,2.94,40.24,0.93,0,,,,
2017-09-13 18:30:00,58.29,25.72,101.3,2.61,39.73,1.74,0,,,,
2017-09-13 18:00:00,60.81,26.27,101.3,3.16,34.68,17,0,,,,
2017-09-13 17:30:00,61.14,26.75,101.3,2.24,31.87,32.39,0,,,,
2017-09-13 17:00:00,53.23,27.93,101.31,2.78,49.43,201.41,0,,,,
2017-09-13 16:30:00,54.6,28.54,101.31,2.38,47.62,315.11,0,,,,
2017-09-13 16:00:00,53.11,28.8,101.29,2.82,48.07,423.37,0,,,,
2017-09-13 15:30:00,53.5,29.15,101.32,2.27,45.25,516.33,0,,,,
2017-09-13 15:00:00,52.96,29.32,101.32,2.26,47.52,608.27,0,,,,
2017-09-13 14:30:00,52.66,29.34,101.33,1.89,52.42,677.6,0,,,,
2017-09-13 14:00:00,52.1,29.13,101.36,2.11,44.33,745.94,0,,,,
2017-09-13 13:30:00,56.61,29.03,101.39,1.64,40.46,792.67,0,,,,
2017-09-13 13:00:00,59.09,28.4,101.4,2.2,38.16,821.81,0,,,,
2017-09-13 12:30:00,66.63,28.01,101.45,2.25,59.48,820.75,0,,,,
2017-09-13 12:00:00,71.55,27.67,101.47,2.36,46.61,809.67,0,,,,
2017-09-13 11:30:00,76.64,27.43,101.52,1.59,51.92,684.45,0,,,,
2017-09-13 11:00:00,74.68,27.9,101.54,1.39,61.96,700.31,0,,,,
2017-09-13 10:30:00,75.39,26.96,101.58,1.68,64.25,692.23,0,,,,
2017-09-13 10:00:00,78.97,26.16,101.6,1.55,54.74,463.31,0,,,,
2017-09-13 09:30:00,78.48,26.23,101.6,2.18,69.35,583.74,0,,,,
2017-09-13 09:00:00,80.63,25.63,101.58,2.21,60.19,465.45,0,,,,
2017-09-13 08:30:00,85.61,24.34,101.56,1.95,47.85,235.99,0,,,,
2017-09-13 08:00:00,84.81,24.62,101.53,1.89,65.51,259.32,0,,,,
2017-09-13 07:30:00,86.99,23.92,101.5,1.51,46.05,143.64,0,,,,
2017-09-13 07:00:00,88.45,23.53,101.47,1.64,52.17,112.97,0,,,,
2017-09-13 06:30:00,89.48,22.97,101.43,1.06,52.06,41.89,0,,,,
2017-09-13 06:00:00,89.56,22.85,101.39,0.94,42.68,8.72,0,,,,
2017-09-13 05:30:00,90.5,22.52,101.37,0.54,42.11,0.96,0,,,,
2017-09-13 05:00:00,91.89,22.44,101.35,1.19,37.95,0.95,0,,,,
2017-09-13 04:30:00,94.38,21.01,101.33,0,51.58,0.94,0,,,,
2017-09-13 04:00:00,94.14,21,101.31,0.05,51.59,0.94,0,,,,
2017-09-13 03:30:00,94.09,21.25,101.32,0,51.57,0.94,0,,,,
2017-09-13 03:00:00,94.08,21.15,101.31,0,51.59,0.95,0,,,,
2017-09-13 02:30:00,93.55,21.15,101.31,0,51.62,0.94,0,,,,
2017-09-13 02:00:00,92.69,21.21,101.3,0.04,51.65,0.95,0,,,,
2017-09-13 01:30:00,90.93,21.83,101.3,0.07,7.68,0.95,0,,,,
2017-09-13 01:00:00,85.16,23.31,101.32,0.56,52.42,0.94,0,,,,
2017-09-13 00:30:00,84.29,23.83,101.34,0.77,61.92,0.94,0,,,,
2017-09-13 00:00:00,83.97,24.21,101.36,1.26,54.14,0.94,0,,,,
2017-09-12 23:30:00,83.11,24.5,101.36,1.42,58.37,0.93,0,,,,
2017-09-12 23:00:00,82.55,24.74,101.37,1.37,69.23,0.95,0,,,,
2017-09-12 22:30:00,79,25.27,101.34,1.98,64.71,0.93,0,,,,
2017-09-12 22:00:00,78.38,24.8,101.35,1.48,66.19,0.94,0,,,,
2017-09-12 21:30:00,88.76,22.81,101.35,0,11.94,0.94,0,,,,
2017-09-12 21:00:00,88.04,22.97,101.33,0.09,32.31,0.93,0,,,,
2017-09-12 20:30:00,86.98,23.3,101.29,0.03,98.83,0.95,0,,,,
2017-09-12 20:00:00,86.9,23.66,101.28,0.24,39.47,0.95,0,,,,
2017-09-12 19:30:00,87.12,23.67,101.24,0,39.74,0.93,0,,,,
2017-09-12 19:00:00,85.79,24.54,101.24,0,39.72,0.94,0,,,,
2017-09-12 18:30:00,76.66,25.56,101.21,0,39.47,1.78,0,,,,
2017-09-12 18:00:00,73.6,26.35,101.21,0.08,39.49,20.55,0,,,,
2017-09-12 17:30:00,68.94,26.94,101.2,0.4,39.24,59.33,0,,,,
2017-09-12 17:00:00,64.53,27.89,101.19,0.96,64.02,154.68,0,,,,
2017-09-12 16:30:00,63.84,28.63,101.22,1.01,60.29,263.23,0,,,,
2017-09-12 16:00:00,63.06,28.98,101.21,1.17,52.5,361.5,0,,,,
2017-09-12 15:30:00,62.84,28.75,101.21,1.21,46.03,459.85,0,,,,
2017-09-12 15:00:00,60.6,29.19,101.2,1.39,61.51,550.56,0,,,,
2017-09-12 14:30:00,63.88,29.58,101.22,0.98,61.79,624.21,0,,,,
2017-09-12 14:00:00,62.45,28.95,101.24,1.09,41.38,701.91,0,,,,
2017-09-12 13:30:00,63.95,28.83,101.29,1.05,51.27,752.84,0,,,,
2017-09-12 13:00:00,62.87,29.03,101.29,0.85,86.3,777.02,0,,,,
2017-09-12 12:30:00,63.91,28.74,101.31,0.99,80.25,810.22,0,,,,
2017-09-12 12:00:00,66.12,28.38,101.32,1.58,73.47,821.82,0,,,,
2017-09-12 11:30:00,67.32,27.91,101.35,1.11,57.26,824.82,0,,,,
2017-09-12 11:00:00,71.57,27.65,101.37,0.8,24.2,795.43,0,,,,
2017-09-12 10:30:00,71.72,27.14,101.38,0.64,31.93,744.63,0,,,,
2017-09-12 10:00:00,73.91,26.89,101.37,0.69,27.99,723.32,0,,,,
2017-09-12 09:30:00,77.39,25.8,101.36,0.77,0,628.14,0,,,,
2017-09-12 09:00:00,79.03,24.92,101.35,0.97,27.89,524.01,0,,,,
2017-09-12 08:30:00,81.16,24.49,101.33,0.72,0,432.18,0,,,,
2017-09-12 08:00:00,83.82,23.84,101.33,0.79,0,337.5,0,,,,
2017-09-12 07:30:00,94.08,22.56,101.31,0.22,77.36,221.19,0,,,,
2017-09-12 07:00:00,96.46,21.69,101.28,0.07,31.9,133.29,0,,,,
2017-09-12 06:30:00,96.75,20.89,101.28,0,30.17,53.49,0,,,,
2017-09-12 06:00:00,96.68,20.45,101.22,0,30.2,11.08,0,,,,
2017-09-12 05:30:00,96.54,20.79,101.18,0,30.21,1.03,0,,,,
2017-09-12 05:00:00,96.37,20.75,101.17,0,30.21,0.93,0,,,,
2017-09-12 04:30:00,96.29,21.03,101.13,0.02,30.22,0.94,0,,,,
2017-09-12 04:00:00,96.38,21.4,101.11,0,30.22,0.94,0,,,,
2017-09-12 03:30:00,96.3,21.46,101.12,0,30.23,0.94,0,,,,
2017-09-12 03:00:00,96.05,21.41,101.11,0,30.24,0.93,0,,,,
2017-09-12 02:30:00,95.61,21.59,101.09,0,30.24,0.94,0,,,,
2017-09-12 02:00:00,95.17,21.75,101.08,0,30.25,0.94,0,,,,
2017-09-12 01:30:00,94.53,22.03,101.06,0.15,31.07,0.93,0,,,,
2017-09-12 01:00:00,94.09,22.23,101.07,0.15,64.09,0.94,0,,,,
2017-09-12 00:30:00,93,22.68,101.06,0.2,18.52,0.95,0,,,,
2017-09-12 00:00:00,93.38,22.79,101.07,0.18,45.76,0.96,0,,,,
2017-09-11 23:30:00,93.71,22.86,101.07,0.23,30.93,0.95,0,,,,
2017-09-11 23:00:00,95.14,22.82,101.06,0.02,84.88,0.94,0,,,,
2017-09-11 22:30:00,95.16,22.86,101.06,0.03,84.93,0.94,0,,,,
2017-09-11 22:00:00,94.63,22.95,101.03,0.14,72.31,0.94,0,,,,
2017-09-11 21:30:00,94.55,22.97,101.02,0.18,42.46,0.95,0,,,,
2017-09-11 21:00:00,95.25,22.76,100.99,0.04,85.79,0.94,0,,,,
2017-09-11 20:30:00,94.91,22.83,100.99,0.18,54.3,0.93,0,,,,
2017-09-11 20:00:00,94.93,22.79,100.96,0.32,21.29,0.94,0,,,,
2017-09-11 19:30:00,94.05,23.19,100.92,0.15,52.97,0.94,0,,,,
2017-09-11 19:00:00,93.97,23.25,100.89,0.01,53.16,0.93,0,,,,
2017-09-11 18:30:00,93.64,23.31,100.82,0,53.16,1.08,0,,,,
2017-09-11 18:00:00,92.29,23.42,100.81,0.28,58.13,2.96,0,,,,
2017-09-11 17:30:00,92.7,23.61,100.78,0.27,38.88,8.25,0,,,,
2017-09-11 17:00:00,92.45,23.64,100.73,0.69,17.38,33.43,0,,,,
2017-09-11 16:30:00,93.02,23.66,100.72,0.61,28.64,99.52,0,,,,
2017-09-11 16:00:00,93.78,23.33,100.7,0.75,22.65,45.44,0.26,,,,
2017-09-11 15:30:00,94.02,23.24,100.68,0.69,22.99,79.45,0.51,,,,
2017-09-11 15:00:00,93.03,23.49,100.66,0.84,8.75,147.82,0.26,,,,
2017-09-11 14:30:00,93.07,23.42,100.67,0.89,0,86.43,0.26,,,,
2017-09-11 14:00:00,92.88,23.47,100.65,1.29,23.19,48.94,0,,,,
2017-09-11 13:30:00,93.86,23.59,100.65,1.17,27.54,64.82,0,,,,
2017-09-11 13:00:00,93.86,23.59,100.62,0.82,35.67,57.3,0.51,,,,
2017-09-11 12:30:00,92.85,24.15,100.64,0.32,55.11,109.84,0,,,,
2017-09-11 12:00:00,93.48,23.97,100.66,0.32,76.39,68.32,0,,,,
2017-09-11 11:30:00,94.19,23.59,100.64,0.28,59.54,86.17,0,,,,
2017-09-11 11:00:00,94.5,23.52,100.65,0.59,0,55.96,0,,,,
2017-09-11 10:30:00,93.55,23.65,100.63,0.56,79.87,60.39,0,,,,
2017-09-11 10:00:00,93.23,23.78,100.61,0.79,88.07,44.29,0.26,,,,
2017-09-11 09:30:00,92.75,23.81,100.6,0.7,86.58,83.73,0.26,,,,
2017-09-11 09:00:00,91.6,24.01,100.57,0.83,86.48,41.34,0,,,,
2017-09-11 08:30:00,91.53,23.99,100.54,0.63,53.25,33.75,0,,,,
2017-09-11 08:00:00,91.55,23.97,100.52,1,56.33,31.05,0,,,,
2017-09-11 07:30:00,92.45,24.13,100.49,0.82,78.24,38.24,0,,,,
2017-09-11 07:00:00,92,24.18,100.46,0.98,66.13,23.52,0,,,,
2017-09-11 06:30:00,92.63,24.15,100.45,0.45,85.86,23.21,0,,,,
2017-09-11 06:00:00,93.06,24.1,100.39,0.74,95.29,6.95,0,,,,
2017-09-11 05:30:00,93.61,24.35,100.38,1.19,82.87,0.97,0,,,,
2017-09-11 05:00:00,93.6,24.58,100.35,1.04,60.99,0.94,0,,,,
2017-09-11 04:30:00,93.3,24.91,100.36,0.74,82.96,0.95,0,,,,
2017-09-11 04:00:00,93.86,24.87,100.33,0.71,94.9,0.95,0,,,,
2017-09-11 03:30:00,93.85,24.81,100.28,0.94,59.91,0.95,0,,,,
2017-09-11 03:00:00,94.49,24.81,100.3,0.67,91.19,0.95,0,,,,
2017-09-11 02:30:00,94.23,24.86,100.32,0.45,88.02,0.94,0,,,,
2017-09-11 02:00:00,95.06,24.85,100.32,0.72,87.18,0.95,0,,,,
2017-09-11 01:30:00,95.39,25.03,100.34,0.73,64.06,0.95,1.79,,,,
2017-09-11 01:00:00,95.52,25.33,100.34,0.92,97.42,0.95,5.38,,,,
2017-09-11 00:30:00,94.82,25.98,100.31,0.51,27,0.94,0,,,,
2017-09-11 00:00:00,95.01,25.82,100.26,0.37,64.97,0.95,0,,,,
2017-09-10 23:30:00,94.55,25.66,100.25,0,65.39,0.93,0,,,,
2017-09-10 23:00:00,93.63,25.89,100.28,0.01,65.41,0.94,0,,,,
2017-09-10 22:30:00,94.11,26.03,100.32,0.17,84.15,0.94,0,,,,
2017-09-10 22:00:00,95.1,25.96,100.31,0.05,83.59,0.94,0,,,,
2017-09-10 21:30:00,93.78,26.2,100.28,0.03,43.86,0.94,0,,,,
2017-09-10 21:00:00,95.94,26.06,100.3,0.06,43.95,0.97,0,,,,
2017-09-10 20:30:00,95.94,25.97,100.32,0.06,61.26,0.95,0.51,,,,
2017-09-10 20:00:00,95.77,25.93,100.35,0.04,96.04,0.95,0.51,,,,
2017-09-10 19:30:00,95.87,25.87,100.29,0,78.15,0.95,0,,,,
2017-09-10 19:00:00,95.71,25.72,100.25,0.25,78.15,0.93,0,,,,
2017-09-10 18:30:00,95.47,25.58,100.22,0.03,78.17,1.13,0,,,,
2017-09-10 18:00:00,95.37,25.75,100.24,0,78.17,6.95,0,,,,
2017-09-10 17:30:00,94.97,25.6,100.23,0.55,78.08,15.06,0,,,,
2017-09-10 17:00:00,94.35,25.16,100.23,0.03,97.13,11.64,0,,,,
2017-09-10 16:30:00,93.54,25.38,100.29,0.56,14.35,5.3,7.94,,,,
2017-09-10 16:00:00,86.38,29.23,100.28,1.22,100.33,4.58,1.54,,,,
2017-09-10 15:30:00,83.93,29.89,100.19,1.3,92.88,52.27,0,,,,
2017-09-10 15:00:00,75.41,32.25,100.22,1.21,83.97,243.11,0,,,,
2017-09-10 14:30:00,75.18,32.42,100.21,2.28,85.91,578.21,0,,,,
2017-09-10 14:00:00,76.94,32.39,100.27,1.52,72.36,640.62,0,,,,
2017-09-10 13:30:00,81.42,31.06,100.3,1.96,70.98,648.64,0,,,,
2017-09-10 13:00:00,83.88,29.75,100.36,2.08,66.46,218.25,0,,,,
2017-09-10 12:30:00,78.74,31.46,100.39,2.41,72.17,896.63,0,,,,
2017-09-10 12:00:00,81.75,30.39,100.42,2.31,80.92,450.77,0,,,,
2017-09-10 11:30:00,84.24,29.56,100.43,2.02,72.99,445.77,0,,,,
2017-09-10 11:00:00,81.72,30.34,100.48,1.85,71.3,546.23,0,,,,
2017-09-10 10:30:00,83.74,29.68,100.49,1.93,71.82,666.18,0,,,,
2017-09-10 10:00:00,84.38,29.33,100.54,1.61,80.27,568.31,0,,,,
2017-09-10 09:30:00,87.83,27.92,100.54,1.89,82.51,357.3,0,,,,
2017-09-10 09:00:00,91.4,26.59,100.55,2.1,82.83,187.42,0,,,,
2017-09-10 08:30:00,92.61,26.04,100.55,1.32,90.39,58.34,0,,,,
2017-09-10 08:00:00,92.83,25.87,100.52,1.7,77.51,58.25,0,,,,
2017-09-10 07:30:00,92.87,25.65,100.53,1.6,81.78,34.69,0,,,,
2017-09-10 07:00:00,92.66,25.59,100.55,1.47,92.92,13.66,0,,,,
2017-09-10 06:30:00,92.74,25.51,100.54,1.84,88.37,10.98,0,,,,
2017-09-10 06:00:00,92.39,25.28,100.55,1.43,78.62,2.25,0,,,,
2017-09-10 05:30:00,91.96,25.34,100.52,1.4,81.5,0.96,0,,,,
2017-09-10 05:00:00,91.9,25.24,100.54,1.33,78.61,0.94,0,,,,
2017-09-10 04:30:00,92.08,25.07,100.54,1.8,84.36,0.94,0,,,,
2017-09-10 04:00:00,93.98,24.72,100.55,0.58,68.81,0.94,0,,,,
2017-09-10 03:30:00,91.08,25.15,100.55,1.15,86.08,0.94,0,,,,
2017-09-10 03:00:00,88.98,25.38,100.55,1.92,83.54,0.95,0,,,,
2017-09-10 02:30:00,88.63,25.41,100.53,2.67,83.16,0.94,0,,,,
2017-09-10 02:00:00,89.49,25.41,100.54,1.67,87.97,0.94,0,,,,
2017-09-10 01:30:00,89.25,25.38,100.57,1.75,86.74,0.94,0,,,,
2017-09-10 01:00:00,89.08,25.46,100.58,2.17,81.04,0.94,0,,,,
2017-09-10 00:30:00,88.72,25.48,100.61,1.52,83.67,0.94,0,,,,
2017-09-10 00:00:00,88.71,25.52,100.65,1.84,91.25,0.93,0,,,,
2017-09-09 23:30:00,88.74,25.59,100.68,1.46,89.45,0.95,0,,,,
2017-09-09 23:00:00,88.9,25.68,100.69,1.84,80.27,0.94,0,,,,
2017-09-09 22:30:00,88.43,25.84,100.72,1.99,80.64,0.95,0,,,,
2017-09-09 22:00:00,89.63,25.73,100.73,1.73,77.19,0.93,0,,,,
2017-09-09 21:30:00,89.53,25.78,100.71,1.73,77.88,0.94,0,,,,
2017-09-09 21:00:00,88.88,25.88,100.73,1.52,75.08,0.92,0,,,,
2017-09-09 20:30:00,88.22,25.98,100.71,1.77,83.29,0.94,0,,,,
2017-09-09 20:00:00,87.98,26.03,100.69,2.07,67.25,0.94,0,,,,
2017-09-09 19:30:00,87.51,26.1,100.67,1.92,80.56,0.94,0,,,,
2017-09-09 19:00:00,87.44,26.09,100.61,1.7,70.7,0.94,0,,,,
2017-09-09 18:30:00,88.39,25.99,100.57,1.4,76.85,1.15,0,,,,
2017-09-09 18:00:00,88.8,25.95,100.56,1.75,66.6,5.55,0,,,,
2017-09-09 17:30:00,88.91,25.95,100.54,1.64,59.05,13.92,0,,,,
2017-09-09 17:00:00,88.69,25.93,100.55,1.82,62.18,19.6,0,,,,
2017-09-09 16:30:00,88.76,26.03,100.52,1.81,68.25,35.42,0,,,,
2017-09-09 16:00:00,88.09,26.03,100.53,2.4,70.24,78.91,0,,,,
2017-09-09 15:30:00,88.42,26.01,100.54,2.3,69.83,77.52,0,,,,
2017-09-09 15:00:00,88.28,25.99,100.55,2.7,58.87,105.8,0,,,,
2017-09-09 14:30:00,88.84,25.84,100.56,2.72,62.19,89.58,0,,,,
2017-09-09 14:00:00,89.02,26.01,100.6,2.16,50.85,130.98,0,,,,
2017-09-09 13:30:00,85.59,27.12,100.63,2.69,72.08,279.43,0,,,,
2017-09-09 13:00:00,86.78,26.81,100.65,2.22,75.78,255.76,0,,,,
2017-09-09 12:30:00,88.04,26.34,100.66,1.92,75.42,105.54,0,,,,
2017-09-09 12:00:00,87.87,26.51,100.69,2.04,80.53,163.71,0,,,,
2017-09-09 11:30:00,87.71,26.75,100.72,1.75,84.91,215.7,0,,,,
2017-09-09 11:00:00,87.79,26.55,100.73,2.28,86.92,235.61,0,,,,
2017-09-09 10:30:00,89.08,26.04,100.74,1.87,85.7,108.74,0,,,,
2017-09-09 10:00:00,88.62,25.99,100.76,1.98,80.36,94.62,0,,,,
2017-09-09 09:30:00,89.27,25.93,100.77,1.69,83.15,117.87,0,,,,
2017-09-09 09:00:00,89.5,25.58,100.74,2.05,84.48,57.15,0,,,,
2017-09-09 08:30:00,88.97,25.72,100.73,1.84,88.94,67.6,0,,,,
2017-09-09 08:00:00,89.38,25.54,100.7,1.83,83.04,92.43,0,,,,
2017-09-09 07:30:00,89.85,25.35,100.71,2,86.2,24.42,0,,,,
2017-09-09 07:00:00,90.34,25.29,100.69,2.13,77.04,14.8,0,,,,
2017-09-09 06:30:00,90.54,25.26,100.68,2.05,82.54,7.07,0,,,,
2017-09-09 06:00:00,90.42,25.24,100.66,2.09,80,2.41,0,,,,
2017-09-09 05:30:00,89.8,25.24,100.66,2.02,83.37,0.95,0,,,,
2017-09-09 05:00:00,90.15,25.11,100.64,2.18,80.64,0.93,0,,,,
2017-09-09 04:30:00,90.05,25.07,100.64,1.76,79.33,0.93,0,,,,
2017-09-09 04:00:00,89.94,25.07,100.63,1.78,79.73,0.92,0,,,,
2017-09-09 03:30:00,89.18,25.13,100.62,2.18,82.75,0.92,0,,,,
2017-09-09 03:00:00,88.46,25.33,100.63,2.27,80.56,0.96,0,,,,
2017-09-09 02:30:00,87.44,25.41,100.63,2.02,80.31,0.94,0,,,,
2017-09-09 02:00:00,87.18,25.47,100.63,1.77,80.52,0.94,0,,,,
2017-09-09 01:30:00,88.84,25.44,100.65,1.36,78.21,0.95,0,,,,
2017-09-09 01:00:00,88.8,25.35,100.65,1.3,73.56,0.94,0,,,,
2017-09-09 00:30:00,87.55,25.44,100.69,1.58,73.2,0.95,0,,,,
2017-09-09 00:00:00,88.68,25.26,100.7,1.08,96.24,0.94,0,,,,
2017-09-08 23:30:00,87.29,25.18,100.7,1.29,91.62,0.95,0,,,,
2017-09-08 23:00:00,87.78,25.22,100.73,1.54,86.16,0.94,0,,,,
2017-09-08 22:30:00,89.34,24.8,100.75,0.76,86.98,0.93,0,,,,
2017-09-08 22:00:00,88.09,24.84,100.75,0.47,99.74,0.93,0,,,,
2017-09-08 21:30:00,86.87,24.92,100.76,0.01,98.72,0.92,0,,,,
2017-09-08 21:00:00,85.83,24.98,100.76,0.26,98.73,0.94,0,,,,
2017-09-08 20:30:00,86.49,24.93,100.74,0.6,98.19,0.95,0,,,,
2017-09-08 20:00:00,85.73,24.99,100.72,1.23,98.08,0.94,0,,,,
2017-09-08 19:30:00,84.82,24.96,100.7,0.83,99.34,0.93,0,,,,
2017-09-08 19:00:00,83.49,25.22,100.67,1.17,89.78,0.94,0,,,,
2017-09-08 18:30:00,82.85,25.41,100.65,1.2,95.34,3.32,0,,,,
2017-09-08 18:00:00,80.22,25.83,100.64,1.39,96.97,16.14,0,,,,
2017-09-08 17:30:00,79.03,26.21,100.65,1.08,96.07,31.79,0,,,,
2017-09-08 17:00:00,78.37,26.46,100.65,1.87,99.46,117.62,0,,,,
2017-09-08 16:30:00,76.81,26.7,100.64,2.17,94.23,188.7,0,,,,
2017-09-08 16:00:00,80.68,26.76,100.67,1.79,93.46,210.62,0,,,,
2017-09-08 15:30:00,79.33,27.02,100.68,1.64,90.03,194.89,0,,,,
2017-09-08 15:00:00,81.43,26.77,100.69,1.15,96.78,171.25,0,,,,
2017-09-08 14:30:00,79.96,26.58,100.69,1.59,95.93,135.29,0,,,,
2017-09-08 14:00:00,82.74,26.92,100.72,1.27,94.75,200.39,0,,,,
2017-09-08 13:30:00,80.99,26.99,100.76,1.25,93.35,185.42,0,,,,
2017-09-08 13:00:00,80.77,27.33,100.78,1.51,84.77,259.37,0,,,,
2017-09-08 12:30:00,81.26,27.2,100.81,1.72,78.87,292.04,0,,,,
2017-09-08 12:00:00,79.9,27.85,100.82,1.87,68.75,484.17,0,,,,
2017-09-08 11:30:00,78.04,28.53,100.84,1.97,75.3,872.25,0,,,,
2017-09-08 11:00:00,76.81,28.29,100.87,1.62,69.6,775.66,0,,,,
2017-09-08 10:30:00,80.58,27.27,100.9,1.55,63.76,631.79,0,,,,
2017-09-08 10:00:00,80.99,27.12,100.91,1.36,58.24,445.78,0,,,,
2017-09-08 09:30:00,81.08,27.42,100.92,1.97,75.94,637.36,0,,,,
2017-09-08 09:00:00,85.13,26.38,100.93,1.78,77.74,347.03,0,,,,
2017-09-08 08:30:00,87.91,25.74,100.9,1.09,67.52,309.6,0,,,,
2017-09-08 08:00:00,87.38,25.53,100.89,0.01,102.47,214.87,0,,,,
2017-09-08 07:30:00,92.85,23.3,100.86,0.09,102.64,84.09,0,,,,
2017-09-08 07:00:00,95.21,22.38,100.83,0.07,102.66,84.97,0,,,,
2017-09-08 06:30:00,95.72,21.85,100.83,0.03,102.67,34.56,0,,,,
2017-09-08 06:00:00,95.88,21.66,100.79,0.02,102.72,9.94,0,,,,
2017-09-08 05:30:00,96.05,21.97,100.76,0.01,102.72,1.1,0,,,,
2017-09-08 05:00:00,96.04,21.7,100.77,0,102.74,0.93,0,,,,
2017-09-08 04:30:00,96.15,21.47,100.76,0,102.8,0.94,0,,,,
2017-09-08 04:00:00,96.17,21.27,100.76,0.16,102.51,0.94,0,,,,
2017-09-08 03:30:00,96.21,21.18,100.76,0.02,91.38,0.94,0,,,,
2017-09-08 03:00:00,96.19,21.3,100.76,0,91.35,0.94,0,,,,
2017-09-08 02:30:00,96.1,21.37,100.79,0,91.35,0.95,0,,,,
2017-09-08 02:00:00,96.03,21.41,100.77,0,91.36,0.95,0,,,,
2017-09-08 01:30:00,95.92,21.58,100.77,0,91.37,0.95,0,,,,
2017-09-08 01:00:00,95.79,21.78,100.75,0,91.37,0.94,0,,,,
2017-09-08 00:30:00,95.7,22.09,100.75,0,91.37,0.93,0,,,,
2017-09-08 00:00:00,95.47,21.97,100.77,0,91.42,0.93,0,,,,
2017-09-07 23:30:00,95.03,22.13,100.78,0,91.44,0.94,0,,,,
2017-09-07 23:00:00,94.85,22.65,100.77,0,87.2,0.94,0,,,,
2017-09-07 22:30:00,95.03,23.13,100.77,0,77.91,0.94,0,,,,
2017-09-07 22:00:00,94.57,23.4,100.76,0,77.9,0.93,0,,,,
2017-09-07 21:30:00,94.44,23.39,100.75,0,77.81,0.95,0,,,,
2017-09-07 21:00:00,93.69,23.18,100.75,0,77.82,0.95,0,,,,
2017-09-07 20:30:00,92.81,23.53,100.72,0,77.82,0.95,0,,,,
2017-09-07 20:00:00,91.76,23.85,100.69,0,77.83,0.94,0,,,,
2017-09-07 19:30:00,90.81,23.84,100.65,0,77.83,0.94,0,,,,
2017-09-07 19:00:00,88.75,24.02,100.62,0.53,77.5,0.93,0,,,,
2017-09-07 18:30:00,87.3,24.53,100.57,0.06,77.43,2.72,0,,,,
2017-09-07 18:00:00,86.19,25,100.59,0.24,77.42,24.35,0,,,,
2017-09-07 17:30:00,83.61,25.65,100.61,0.34,77.15,57.49,0,,,,
2017-09-07 17:00:00,83.16,25.62,100.62,0.78,77.94,81.28,0.26,,,,
2017-09-07 16:30:00,85.03,25.47,100.64,0.54,60.18,40.44,0,,,,
2017-09-07 16:00:00,77.61,26.78,100.63,0.26,101.65,221.72,0,,,,
2017-09-07 15:30:00,80.12,26.72,100.64,0.57,96.29,251.78,0,,,,
2017-09-07 15:00:00,79.6,26.6,100.65,0.65,89.42,253.63,0,,,,
2017-09-07 14:30:00,82.6,26.12,100.68,0.65,98.26,334.66,0,,,,
2017-09-07 14:00:00,84.1,25.67,100.68,0.55,95.27,292.04,0,,,,
2017-09-07 13:30:00,85.99,25.18,100.7,0.33,95.12,207.86,0,,,,
2017-09-07 13:00:00,88.28,24.4,100.7,0.05,48.32,163.24,0,,,,
2017-09-07 12:30:00,90.34,23.91,100.7,0.3,56.4,145.98,0,,,,
2017-09-07 12:00:00,91.25,23.69,100.74,0.37,48.73,82.04,0,,,,
2017-09-07 11:30:00,91.03,23.76,100.76,0.72,28.29,110.37,0,,,,
2017-09-07 11:00:00,91.38,23.55,100.78,0.95,35.39,125.99,0,,,,
2017-09-07 10:30:00,91.31,23.52,100.77,0.53,23.91,55.47,0,,,,
2017-09-07 10:00:00,91.99,23.29,100.77,1.17,27.64,68.45,0,,,,
2017-09-07 09:30:00,92.26,23.43,100.77,0.79,0,104.03,0.26,,,,
2017-09-07 09:00:00,91.81,23.66,100.71,0.4,13.33,107.1,0,,,,
2017-09-07 08:30:00,92.11,23.33,100.71,0.9,17.97,66.31,0,,,,
2017-09-07 08:00:00,91.92,23.37,100.67,0.36,56.04,50.81,0,,,,
2017-09-07 07:30:00,92.06,23.2,100.64,0.13,30.88,18.15,0,,,,
2017-09-07 07:00:00,92.21,23.16,100.62,0.17,28.12,19.82,0,,,,
2017-09-07 06:30:00,92.24,23.13,100.59,0.66,24.41,16.43,0,,,,
2017-09-07 06:00:00,92.5,23.01,100.54,0.31,20.03,5.02,0,,,,
2017-09-07 05:30:00,92.74,22.99,100.52,0.43,62.43,0.95,0,,,,
2017-09-07 05:00:00,92.81,22.99,100.51,0.3,0,0.94,0,,,,
2017-09-07 04:30:00,93.24,22.96,100.52,0.29,21.67,0.93,0,,,,
2017-09-07 04:00:00,93.44,22.99,100.5,0.93,30.54,0.94,0,,,,
2017-09-07 03:30:00,93.74,23.02,100.48,0.51,27.21,0.93,0,,,,
2017-09-07 03:00:00,94.23,22.91,100.48,0.76,38.74,0.95,0,,,,
2017-09-07 02:30:00,94.33,22.98,100.48,0.58,16.32,0.93,0,,,,
2017-09-07 02:00:00,93.88,23.03,100.48,1.55,23.76,0.92,0,,,,
2017-09-07 01:30:00,93.8,23.21,100.5,1.19,44.78,0.92,0,,,,
2017-09-07 01:00:00,92.66,23.71,100.51,1.04,33.93,0.93,0,,,,
2017-09-07 00:30:00,92.67,23.67,100.52,0.33,90.14,0.92,0,,,,
2017-09-07 00:00:00,92.65,23.7,100.53,0,62.84,0.94,0,,,,
2017-09-06 23:30:00,92.28,23.74,100.54,0.25,35.07,0.95,0,,,,
2017-09-06 23:00:00,92.6,23.71,100.55,0.15,50.6,0.94,0,,,,
2017-09-06 22:30:00,92.08,23.69,100.57,0.47,93.35,0.95,0,,,,
2017-09-06 22:00:00,93.18,23.88,100.54,0.09,63.54,0.95,0,,,,
2017-09-06 21:30:00,93.3,24.01,100.54,0.07,57.76,0.93,0,,,,
2017-09-06 21:00:00,93.83,24.06,100.53,0.07,76.08,0.94,0,,,,
2017-09-06 20:30:00,92.44,24.09,100.54,0.47,0,0.93,0,,,,
2017-09-06 20:00:00,92.7,24,100.52,0.83,19.65,0.94,0,,,,
2017-09-06 19:30:00,93.51,24.02,100.48,1.33,36.1,0.94,0,,,,
2017-09-06 19:00:00,94.45,24.16,100.47,0.26,61.81,0.92,0.26,,,,
2017-09-06 18:30:00,94.22,24.18,100.44,0.12,90.05,1.15,0,,,,
2017-09-06 18:00:00,93.58,24.17,100.44,0.28,80.59,3.95,0,,,,
2017-09-06 17:30:00,94.17,24.25,100.4,0.1,40.16,19.37,0.51,,,,
2017-09-06 17:00:00,93.52,24.48,100.37,0.52,54.73,40.81,2.56,,,,
2017-09-06 16:30:00,91.04,25,100.36,0.06,85.48,36.85,0.77,,,,
2017-09-06 16:00:00,87.18,25.93,100.38,0.15,77.81,54.68,0,,,,
2017-09-06 15:30:00,84.05,26.24,100.34,0.56,35.19,42.01,0,,,,
2017-09-06 15:00:00,84.17,26.19,100.32,0.88,20.74,82.53,0,,,,
2017-09-06 14:30:00,84.55,26.33,100.33,0.94,37.09,37.38,0,,,,
2017-09-06 14:00:00,82.61,26.66,100.35,1.37,22.57,81.34,0,,,,
2017-09-06 13:30:00,80.82,27.12,100.33,1.18,23.53,160.09,0,,,,
2017-09-06 13:00:00,79.83,27.86,100.38,0.63,14.33,218.3,0,,,,
2017-09-06 12:30:00,79.24,27.95,100.37,1.04,32.33,502.59,0,,,,
2017-09-06 12:00:00,80.5,27.51,100.44,0.66,22.44,293.15,0,,,,
2017-09-06 11:30:00,85.62,26.38,100.46,0.66,31.41,160.88,0,,,,
2017-09-06 11:00:00,85.55,26.09,100.46,0.35,29.18,199.4,0,,,,
2017-09-06 10:30:00,85.54,25.76,100.48,0.35,4.09,139.43,0,,,,
2017-09-06 10:00:00,84.6,25.86,100.49,0.58,27.33,131.14,0,,,,
2017-09-06 09:30:00,86.44,25.47,100.51,0.49,22.63,146.86,0,,,,
2017-09-06 09:00:00,88.13,25.27,100.53,0.53,49.02,117.23,0,,,,
2017-09-06 08:30:00,88.42,25.02,100.53,0.47,63.22,85.79,0,,,,
2017-09-06 08:00:00,88.88,24.59,100.51,0.74,24.67,49.63,0,,,,
2017-09-06 07:30:00,89.19,24.65,100.51,0.58,43.87,38.2,0,,,,
2017-09-06 07:00:00,92.3,24.66,100.49,0.06,59.98,23.96,0,,,,
2017-09-06 06:30:00,92.69,24.19,100.46,0.12,32.09,27.87,0,,,,
2017-09-06 06:00:00,92.69,23.84,100.44,0.19,62.1,5.17,0,,,,
2017-09-06 05:30:00,92.36,23.91,100.42,0.17,62.09,1.03,0,,,,
2017-09-06 05:00:00,91.87,23.95,100.42,0.01,62.1,0.93,0,,,,
2017-09-06 04:30:00,92,23.89,100.41,0.17,40.58,0.94,0,,,,
2017-09-06 04:00:00,92.66,24.05,100.4,0.15,40.58,0.92,0,,,,
2017-09-06 03:30:00,91.63,24.26,100.42,0.01,23.75,0.94,0,,,,
2017-09-06 03:00:00,90.39,24.54,100.47,0.62,48.57,0.94,0,,,,
2017-09-06 02:30:00,91.32,24.85,100.5,0.54,27.25,0.92,0,,,,
2017-09-06 02:00:00,92.25,24.96,100.54,0.67,29.39,0.95,0,,,,
2017-09-06 01:30:00,93.51,25.04,100.54,0.28,30.07,0.93,0,,,,
2017-09-06 01:00:00,94.67,25.36,100.55,0,11.73,0.94,0,,,,
2017-09-06 00:30:00,94.64,25.39,100.58,0.07,15.11,0.94,0.26,,,,
2017-09-06 00:00:00,94.53,25.5,100.61,0,54.5,0.93,0.77,,,,
2017-09-05 23:30:00,94.47,25.54,100.61,0,54.78,0.94,0.51,,,,
2017-09-05 23:00:00,93.2,25.76,100.63,0.05,42.17,0.93,1.54,,,,
2017-09-05 22:30:00,88.66,26.59,100.58,1.15,31.76,0.94,5.63,,,,
2017-09-05 22:00:00,83.8,27.58,100.61,0.29,37.83,0.91,0,,,,
2017-09-05 21:30:00,81.92,27.86,100.58,0.55,9.17,0.91,0,,,,
2017-09-05 21:00:00,82.97,27.87,100.58,0.37,11.48,0.93,0,,,,
2017-09-05 20:30:00,83.58,27.91,100.54,0.1,1.05,0.92,0,,,,
2017-09-05 20:00:00,80.54,28.44,100.54,0.68,32.82,0.91,0,,,,
2017-09-05 19:30:00,79.49,28.62,100.5,0.44,36.57,0.92,0,,,,
2017-09-05 19:00:00,78.27,28.8,100.45,0.88,27.56,0.91,0,,,,
2017-09-05 18:30:00,77.77,28.89,100.42,1.23,21.61,2.11,0,,,,
2017-09-05 18:00:00,77.72,29.08,100.39,1.38,26.14,24.71,0,,,,
2017-09-05 17:30:00,77.03,29.35,100.37,1.13,22.75,63.02,0,,,,
2017-09-05 17:00:00,75.99,29.85,100.36,1.04,34.18,100,0,,,,
2017-09-05 16:30:00,75.75,30.06,100.33,0.87,19.16,176.04,0,,,,
2017-09-05 16:00:00,76.43,29.85,100.36,1.32,17.84,165.48,0,,,,
2017-09-05 15:30:00,74.93,30.39,100.36,0.94,0,178.48,0,,,,
2017-09-05 15:00:00,74.64,30.47,100.39,1.33,26.77,344.05,0,,,,
2017-09-05 14:30:00,73.53,30.69,100.4,1.32,33.73,398.76,0,,,,
2017-09-05 14:00:00,74.19,30.77,100.44,0.67,13.73,351.2,0,,,,
2017-09-05 13:30:00,73.5,31.03,100.46,1.1,22.97,765.61,0,,,,
2017-09-05 13:00:00,78.1,29.52,100.5,0.98,23.01,337.27,0,,,,
2017-09-05 12:30:00,77.41,29.37,100.55,1.29,24.44,292.02,0,,,,
2017-09-05 12:00:00,75.21,30.04,100.57,0.82,36.08,410.6,0,,,,
2017-09-05 11:30:00,76.88,29.55,100.61,0.51,71.17,352.53,0,,,,
2017-09-05 11:00:00,76.03,29.69,100.63,0.55,90.63,325.91,0,,,,
2017-09-05 10:30:00,77.07,29.51,100.65,0.96,26.71,469.16,0,,,,
2017-09-05 10:00:00,80.64,28.61,100.68,0.59,86.11,608.72,0,,,,
2017-09-05 09:30:00,85.16,27.29,100.7,0.79,79.01,319.66,0,,,,
2017-09-05 09:00:00,84.44,27.52,100.69,0.51,87.14,225.38,0,,,,
2017-09-05 08:30:00,87.67,26.37,100.68,0.71,93.82,241.54,0,,,,
2017-09-05 08:00:00,87.34,26.53,100.7,0.62,92.63,181.64,0,,,,
2017-09-05 07:30:00,88.36,26.17,100.68,0.27,89.65,120.67,0,,,,
2017-09-05 07:00:00,90.81,25.63,100.67,0.18,87.25,90.88,0,,,,
2017-09-05 06:30:00,93.44,24.67,100.64,0,101.27,25.77,0,,,,
2017-09-05 06:00:00,93.82,24.18,100.6,0,101.24,14.94,0,,,,
2017-09-05 05:30:00,93.2,24.32,100.57,0.09,101.48,1.28,0,,,,
2017-09-05 05:00:00,92.46,24.45,100.55,0,102.08,0.93,0,,,,
2017-09-05 04:30:00,92.15,24.69,100.53,0.35,102.53,0.91,0,,,,
2017-09-05 04:00:00,92.21,24.55,100.54,0,61.59,0.91,0,,,,
2017-09-05 03:30:00,91.41,25.1,100.52,0.03,61.58,0.92,0,,,,
2017-09-05 03:00:00,89.71,25.52,100.53,0.08,61.59,0.94,0,,,,
2017-09-05 02:30:00,87.32,25.8,100.56,0.49,61.61,0.93,0,,,,
2017-09-05 02:00:00,88.74,25.7,100.56,0.07,83.15,0.93,0,,,,
2017-09-05 01:30:00,89.93,25.48,100.57,0.06,83.15,0.93,0,,,,
2017-09-05 01:00:00,88.53,25.76,100.57,0,98.76,0.93,0,,,,
2017-09-05 00:30:00,88.43,25.87,100.59,0.6,76.89,0.92,0,,,,
2017-09-05 00:00:00,88.93,25.99,100.6,0.51,75.22,0.93,0,,,,
2017-09-04 23:30:00,89.48,26.01,100.61,0,75.23,0.92,0,,,,
2017-09-04 23:00:00,89.85,26.04,100.64,0.03,75.23,0.93,0,,,,
2017-09-04 22:30:00,89.76,25.78,100.63,0,75.24,0.92,0,,,,
2017-09-04 22:00:00,88.48,25.95,100.61,0.03,75.26,0.92,0,,,,
2017-09-04 21:30:00,85.63,26.45,100.6,0.15,75.17,0.91,0,,,,
2017-09-04 21:00:00,84.46,26.59,100.6,0.6,80.32,0.92,0,,,,
2017-09-04 20:30:00,85.16,26.74,100.59,0.5,81.08,0.93,0,,,,
2017-09-04 20:00:00,84.13,26.99,100.56,0.51,92.54,0.91,0,,,,
2017-09-04 19:30:00,80.8,27.58,100.52,0.76,87.6,0.93,0,,,,
2017-09-04 19:00:00,81.52,27.86,100.49,0.44,92.93,0.91,0,,,,
2017-09-04 18:30:00,81.36,28.18,100.48,0,1.71,2.51,0,,,,
2017-09-04 18:00:00,80.17,28.19,100.45,0.25,1.71,8.61,0,,,,
2017-09-04 17:30:00,79.51,28.45,100.45,0.79,1.75,24.14,0,,,,
2017-09-04 17:00:00,76.9,29.24,100.45,0,60.62,41.53,0,,,,
2017-09-04 16:30:00,75.56,29.7,100.46,0.42,60.62,116.41,0,,,,
2017-09-04 16:00:00,72.29,30.83,100.46,0.15,79.36,190.19,0,,,,
2017-09-04 15:30:00,67.56,31.67,100.45,0.68,79.26,357.02,0,,,,
2017-09-04 15:00:00,77.07,29.55,100.44,0.42,83.43,265.32,0,,,,
2017-09-04 14:30:00,77.37,29.14,100.47,0.23,81.52,127.56,0,,,,
2017-09-04 14:00:00,80.9,28.17,100.49,0.43,81.56,110.19,0,,,,
2017-09-04 13:30:00,81.13,28.03,100.51,1.04,78.91,114.8,0,,,,
2017-09-04 13:00:00,79.03,27.97,100.54,1.8,81.24,89.09,0,,,,
2017-09-04 12:30:00,78.1,28.19,100.56,1.75,78.21,120.94,0,,,,
2017-09-04 12:00:00,74.89,29.23,100.57,2.19,77.65,331.24,0,,,,
2017-09-04 11:30:00,72.73,30,100.6,2.4,78.68,585.57,0,,,,
2017-09-04 11:00:00,72.42,29.97,100.62,2.42,79.3,740,0,,,,
2017-09-04 10:30:00,72.78,29.66,100.65,1.71,75.91,571.92,0,,,,
2017-09-04 10:00:00,73.24,28.93,100.66,2.1,82.39,594.56,0,,,,
2017-09-04 09:30:00,76.84,27.15,100.66,2.29,89.82,267.19,0,,,,
2017-09-04 09:00:00,76.31,27.52,100.65,2.3,89.32,426.11,0,,,,
2017-09-04 08:30:00,76.48,27.13,100.62,2.71,85.13,384.17,0,,,,
2017-09-04 08:00:00,80.59,26.08,100.6,1.25,81.43,202.79,0,,,,
2017-09-04 07:30:00,82.03,25.46,100.57,1.42,86.18,101.71,0,,,,
2017-09-04 07:00:00,82.14,25.26,100.57,1.32,91.97,51.05,0,,,,
2017-09-04 06:30:00,81.17,25.35,100.56,2.17,94.14,56.72,0,,,,
2017-09-04 06:00:00,81.59,25.21,100.53,2.89,96.33,11.65,0,,,,
2017-09-04 05:30:00,81.98,25.15,100.51,2.44,95.62,1.2,0,,,,
2017-09-04 05:00:00,84.05,25.08,100.53,1.36,87.87,0.93,0,,,,
2017-09-04 04:30:00,82.86,25.4,100.52,1.37,79.07,0.93,0,,,,
2017-09-04 04:00:00,82.58,25.53,100.51,1.94,78.92,0.95,0,,,,
2017-09-04 03:30:00,83.04,25.61,100.54,1.93,84.78,0.94,0,,,,
2017-09-04 03:00:00,89.61,25.44,100.58,1.21,79.68,0.94,0,,,,
2017-09-04 02:30:00,89.29,25.42,100.59,1.53,71.77,0.95,0,,,,
2017-09-04 02:00:00,88.43,25.45,100.61,1.72,79.43,0.92,0,,,,
2017-09-04 01:30:00,87.39,25.54,100.64,2.18,83.45,0.92,0,,,,
2017-09-04 01:00:00,88.7,25.49,100.67,1.58,78.74,0.94,0,,,,
2017-09-04 00:30:00,87.59,25.61,100.69,1.64,72.77,0.94,0,,,,
2017-09-04 00:00:00,86.96,25.64,100.74,1.55,75.66,0.92,0,,,,
2017-09-03 23:30:00,87.57,25.4,100.76,1.71,66.88,0.93,0,,,,
2017-09-03 23:00:00,87.97,24.88,100.77,1.34,63.07,0.93,0,,,,
2017-09-03 22:30:00,86.58,24.83,100.77,1.83,61.55,0.92,0,,,,
2017-09-03 22:00:00,86.02,24.79,100.8,1.5,53.87,0.94,0,,,,
2017-09-03 21:30:00,85.09,24.89,100.79,1.86,57.68,0.94,0,,,,
2017-09-03 21:00:00,84.02,24.93,100.81,2.09,50.35,0.94,0,,,,
2017-09-03 20:30:00,83.19,24.9,100.81,2.29,53.73,0.94,0,,,,
2017-09-03 20:00:00,83.56,24.92,100.78,2.32,44.49,0.92,0,,,,
2017-09-03 19:30:00,83.82,24.95,100.77,2.27,50.7,0.93,0,,,,
2017-09-03 19:00:00,85.2,24.85,100.74,2.2,49.95,0.94,0,,,,
2017-09-03 18:30:00,86.31,24.73,100.72,2.54,46.54,1.74,0,,,,
2017-09-03 18:00:00,86.34,24.84,100.72,2.56,45.34,6.62,0,,,,
2017-09-03 17:30:00,84.9,25.13,100.7,2.53,49.88,38.13,0,,,,
2017-09-03 17:00:00,81.43,25.42,100.68,2.37,30.79,58.47,0.26,,,,
2017-09-03 16:30:00,79.81,25.87,100.64,2.12,47.55,76.64,0,,,,
2017-09-03 16:00:00,79.08,26.04,100.64,2.13,39.5,95.55,0,,,,
2017-09-03 15:30:00,81.39,26.55,100.63,1.94,47.17,174.29,0,,,,
2017-09-03 15:00:00,80.9,26.54,100.64,1.73,52.85,225.66,0,,,,
2017-09-03 14:30:00,79.29,26.71,100.65,1.29,60.52,171.31,0,,,,
2017-09-03 14:00:00,72.95,26.85,100.67,2.1,78.66,198.16,0,,,,
2017-09-03 13:30:00,74.24,26.39,100.68,2.12,90.33,241.84,0,,,,
2017-09-03 13:00:00,74.27,26.93,100.74,1.78,88.03,229.61,0,,,,
2017-09-03 12:30:00,75.57,26.79,100.76,2.11,82.51,306.33,0,,,,
2017-09-03 12:00:00,71.95,27.25,100.79,2.53,82.45,292.58,0,,,,
2017-09-03 11:30:00,74.07,27.08,100.79,2.66,80.57,350.12,0,,,,
2017-09-03 11:00:00,75.62,26.71,100.81,2.86,86.7,241.23,0,,,,
2017-09-03 10:30:00,77.24,26.83,100.82,2.12,81.44,246.82,0,,,,
2017-09-03 10:00:00,78.81,26.9,100.83,1.84,75.7,374.56,0,,,,
2017-09-03 09:30:00,78.91,26.53,100.83,2.35,71.34,266.2,0,,,,
2017-09-03 09:00:00,79.29,25.99,100.8,2.56,76.28,256.63,0,,,,
2017-09-03 08:30:00,80.58,25.55,100.8,2.51,71.44,90.69,0,,,,
2017-09-03 08:00:00,82.69,25.2,100.81,2.59,60.54,64.58,0,,,,
2017-09-03 07:30:00,84.06,24.9,100.79,2.34,72.68,28.39,0,,,,
2017-09-03 07:00:00,86.45,24.52,100.76,1.88,67.76,17.81,0.26,,,,
2017-09-03 06:30:00,83.44,24.98,100.75,2.27,66.98,7.91,0,,,,
2017-09-03 06:00:00,83.34,24.92,100.71,2.32,64.29,10.09,0,,,,
2017-09-03 05:30:00,83.41,24.95,100.69,2.48,66.61,1.02,0,,,,
2017-09-03 05:00:00,82.85,25.04,100.68,2.34,68.22,0.93,0,,,,
2017-09-03 04:30:00,83.61,24.96,100.69,2.1,71.19,0.94,0,,,,
2017-09-03 04:00:00,88.03,24.71,100.66,1.2,60.91,0.93,0,,,,
2017-09-03 03:30:00,88.2,24.65,100.65,1.66,70.2,0.94,0,,,,
2017-09-03 03:00:00,90.22,24.32,100.66,1.5,55.34,0.93,0,,,,
2017-09-03 02:30:00,89.33,24.58,100.67,1.86,65.07,0.94,0,,,,
2017-09-03 02:00:00,88.4,24.61,100.67,2.51,62.85,0.93,0,,,,
2017-09-03 01:30:00,88.16,24.55,100.64,2.19,47.28,0.93,0,,,,
2017-09-03 01:00:00,86.77,24.79,100.67,2.73,56.32,0.93,0,,,,
2017-09-03 00:30:00,87,25.14,100.69,2.47,52.06,0.93,0,,,,
2017-09-03 00:00:00,88.01,25.18,100.67,1.55,57.44,0.93,0,,,,
2017-09-02 23:30:00,87.22,25.22,100.71,1.52,53.04,0.93,0,,,,
2017-09-02 23:00:00,85.73,25.25,100.68,1.89,62.44,0.92,0,,,,
2017-09-02 22:30:00,86.17,25.27,100.72,1.81,54.61,0.94,0,,,,
2017-09-02 22:00:00,85.49,25.27,100.72,1.7,52.31,0.91,0,,,,
2017-09-02 21:30:00,85.53,25.24,100.73,1.77,54.79,0.93,0,,,,
2017-09-02 21:00:00,84.19,25.51,100.72,1.83,59.7,0.93,0,,,,
2017-09-02 20:30:00,83.25,25.68,100.71,2.28,49.49,0.92,0,,,,
2017-09-02 20:00:00,83.16,25.95,100.63,2.43,61.86,0.92,0,,,,
2017-09-02 19:30:00,82.8,25.82,100.63,2.02,36.51,0.92,0,,,,
2017-09-02 19:00:00,81.26,25.9,100.61,2.09,48.24,0.94,0,,,,
2017-09-02 18:30:00,79.21,26.03,100.57,1.91,34.97,1.5,0,,,,
2017-09-02 18:00:00,78.53,26.11,100.54,2.47,43.46,10.05,0,,,,
2017-09-02 17:30:00,76.69,26.27,100.56,2.19,39.57,20.4,0,,,,
2017-09-02 17:00:00,75.58,26.59,100.55,2.66,28.71,82.01,0,,,,
2017-09-02 16:30:00,74.93,26.69,100.53,2.61,34.86,96.23,0,,,,
2017-09-02 16:00:00,75.33,27.03,100.54,2.37,36.58,125.35,0,,,,
2017-09-02 15:30:00,75.43,27.9,100.54,2.2,45.84,432.92,0,,,,
2017-09-02 15:00:00,74.43,27.68,100.54,2.05,32.05,371.61,0,,,,
2017-09-02 14:30:00,74.45,27.55,100.55,1.78,43.51,317.23,0,,,,
2017-09-02 14:00:00,74.85,27.27,100.57,1.87,36.94,336.48,0,,,,
2017-09-02 13:30:00,75.53,27.14,100.6,1.99,42.83,360.82,0,,,,
2017-09-02 13:00:00,77.66,27.45,100.64,1.49,44.84,447.92,0,,,,
2017-09-02 12:30:00,79.03,26.93,100.66,1.52,60.04,433.46,0,,,,
2017-09-02 12:00:00,78.09,27.32,100.7,1.29,60.31,415.57,0,,,,
2017-09-02 11:30:00,78.81,26.5,100.73,1.41,34.73,399.36,0,,,,
2017-09-02 11:00:00,79.47,26.44,100.74,1.37,54.81,543.6,0,,,,
2017-09-02 10:30:00,80.03,25.7,100.76,2.03,68.06,255.38,0,,,,
2017-09-02 10:00:00,81.09,25.7,100.77,2.21,57.42,399.04,0,,,,
2017-09-02 09:30:00,81.85,25.07,100.74,2.53,53.45,340.74,0,,,,
2017-09-02 09:00:00,80.77,25.1,100.75,2.76,69.2,347.38,0,,,,
2017-09-02 08:30:00,81.22,24.66,100.77,2.57,48.56,252.76,0,,,,
2017-09-02 08:00:00,80.28,24.75,100.74,2.91,53.15,265.18,0,,,,
2017-09-02 07:30:00,81.15,24.46,100.72,2.49,51.64,198.74,0,,,,
2017-09-02 07:00:00,84.05,23.24,100.73,1.12,54.81,33.86,0,,,,
2017-09-02 06:30:00,82.93,23.1,100.71,1.12,58.67,45.92,0,,,,
2017-09-02 06:00:00,82.79,22.64,100.69,1.07,62.98,31.34,0,,,,
2017-09-02 05:30:00,82.59,22.51,100.65,0.82,55.27,1.35,0,,,,
2017-09-02 05:00:00,80.14,22.91,100.64,1.42,60.26,0.92,0,,,,
2017-09-02 04:30:00,79.73,22.7,100.64,1.15,54.23,0.93,0,,,,
2017-09-02 04:00:00,79.11,22.86,100.61,1.38,59.49,0.93,0,,,,
2017-09-02 03:30:00,79.14,22.8,100.59,1.15,58.53,0.92,0,,,,
2017-09-02 03:00:00,79.58,22.92,100.61,1.03,57.5,0.91,0,,,,
2017-09-02 02:30:00,79.63,22.86,100.63,1.04,57.79,0.92,0,,,,
2017-09-02 02:00:00,78.94,22.95,100.62,1.35,61.55,0.92,0,,,,
2017-09-02 01:30:00,77.65,23.32,100.66,1.4,63.55,0.92,0,,,,
2017-09-02 01:00:00,76.97,23.19,100.68,1.39,59.58,0.93,0,,,,
2017-09-02 00:30:00,76.79,23.28,100.68,1.2,63.77,0.93,0,,,,
2017-09-02 00:00:00,74.47,23.49,100.69,1.44,64.37,0.93,0,,,,
2017-09-01 23:30:00,75.31,23.57,100.72,1.57,63.27,0.94,0,,,,
2017-09-01 23:00:00,74.84,23.7,100.74,1.73,63.86,0.92,0,,,,
2017-09-01 22:30:00,72.41,24.09,100.77,2.24,54.9,0.93,0,,,,
2017-09-01 22:00:00,71.82,24.26,100.76,1.83,54.91,0.93,0,,,,
2017-09-01 21:30:00,71.52,24.35,100.79,1.56,54.47,0.92,0,,,,
2017-09-01 21:00:00,72.16,24.59,100.77,1.37,56.41,0.91,0,,,,
2017-09-01 20:30:00,72.4,24.52,100.78,0.98,54.03,0.92,0,,,,
2017-09-01 20:00:00,68.96,24.72,100.72,1.35,56.62,0.92,0,,,,
2017-09-01 19:30:00,68.33,24.56,100.72,1.29,40.1,0.93,0,,,,
2017-09-01 19:00:00,64.21,24.97,100.71,1.72,35.4,0.9,0,,,,
2017-09-01 18:30:00,61.51,25.49,100.7,2.29,45.73,3.03,0,,,,
2017-09-01 18:00:00,65.1,26.13,100.67,2.44,44.89,22.25,0,,,,
2017-09-01 17:30:00,65.87,26.67,100.66,0.76,80.06,42.48,0,,,,
2017-09-01 17:00:00,58.9,28.48,100.66,0.63,75.3,234.33,0,,,,
2017-09-01 16:30:00,58.31,28.79,100.65,0.94,71.51,336.92,0,,,,
2017-09-01 16:00:00,54.67,29.5,100.67,1.13,72.5,420.48,0,,,,
2017-09-01 15:30:00,54.16,29.95,100.68,0.89,78.2,569.88,0.26,,,,
2017-09-01 15:00:00,57.09,29.17,100.69,1.44,63.37,625.01,0,,,,
2017-09-01 14:30:00,60.91,28.77,100.7,1.38,71.42,523.2,0.51,,,,
2017-09-01 14:00:00,35.09,27.67,100.71,0,58.19,25.05,0,,,,
2017-09-01 13:30:00,38.98,30.72,100.68,0.04,58.5,19.99,0,,,,
2017-09-01 13:00:00,47.32,37.8,100.75,0,14.91,23.24,0,,,,
2017-09-01 12:30:00,49.99,34.81,100.79,0,14.93,31.62,0,,,,
2017-09-01 12:00:00,58.06,29.51,100.82,0.07,16.29,20.31,0,,,,
2017-09-01 11:30:00,61.71,29.09,100.84,0,25.99,10.03,0,,,,
2017-09-01 11:00:00,63.73,28.45,100.88,0,25.98,12.89,0,,,,
2017-09-01 10:30:00,65.63,27.87,100.92,0,26,9.47,0,,,,
2017-09-01 10:00:00,70.1,27.65,100.92,0,26,8.93,0,,,,
2017-09-01 09:30:00,72.29,27.05,100.93,0,26,5.72,0,,,,
2017-09-01 09:00:00,73.41,26.51,100.92,0,26.01,7.93,0,,,,
2017-09-01 08:30:00,70.05,26.64,100.91,0,26.01,5.46,0,,,,
2017-09-01 08:00:00,69.26,26.01,100.87,0,26.04,4.02,0,,,,
2017-09-01 07:30:00,69.96,25.62,100.88,0,26.03,2.11,0,,,,
2017-09-01 07:00:00,70.84,25.17,100.86,0,26.03,1.62,0,,,,
2017-09-01 06:30:00,70.75,24.96,100.85,0,26.03,1.16,0,,,,
2017-09-01 06:00:00,70.73,24.83,100.8,0,26.04,1.01,0,,,,
2017-09-01 05:30:00,70.78,24.74,100.79,0,26.03,0.91,0,,,,
2017-09-01 05:00:00,70.58,24.67,100.76,0,26.04,0.93,0,,,,
2017-09-01 04:30:00,70.47,24.81,100.77,0,26.03,0.92,0,,,,
2017-09-01 04:00:00,70.68,24.74,100.75,0,26.04,0.94,0,,,,
2017-09-01 03:30:00,72.19,24.74,100.76,0,26.04,0.92,0,,,,
2017-09-01 03:00:00,73.28,24.98,100.79,0,26.04,0.92,0,,,,
2017-09-01 02:30:00,72.92,25.19,100.77,0,26.05,0.91,0,,,,
2017-09-01 02:00:00,73.28,25.32,100.76,0,26.05,0.94,0,,,,
2017-09-01 01:30:00,73.71,25.52,100.78,0,26.05,0.93,0,,,,
2017-09-01 01:00:00,71.49,25.71,100.81,0,26.07,0.93,0,,,,
2017-09-01 00:30:00,70.36,25.81,100.81,0,26.07,0.93,0,,,,
2017-09-01 00:00:00,70.41,25.81,100.79,0,26.07,0.93,0,,,,
2017-08-31 23:30:00,70.59,25.85,100.82,0,26.07,0.92,0,,,,
2017-08-31 23:00:00,70.92,25.88,100.8,0,26.07,0.94,0,,,,
2017-08-31 22:30:00,70.85,25.85,100.83,0,26.07,0.94,0,,,,
2017-08-31 22:00:00,70.77,25.91,100.88,0,26.07,0.93,0,,,,
2017-08-31 21:30:00,71.23,25.9,100.9,0,26.08,0.94,0,,,,
2017-08-31 21:00:00,70.72,25.97,100.93,0,26.1,0.92,0,,,,
2017-08-31 20:30:00,70.23,26.01,100.92,0,26.09,0.92,0,,,,
2017-08-31 20:00:00,69.9,26.02,100.87,0,26.09,0.93,0,,,,
2017-08-31 19:30:00,69.58,26,100.85,0,26.1,0.92,0,,,,
2017-08-31 19:00:00,68.38,26.21,100.84,0,26.11,0.93,0,,,,
2017-08-31 18:30:00,67.07,26.36,100.84,0,26.12,0.92,0,,,,
2017-08-31 18:00:00,66.49,26.45,100.81,0,26.13,0.99,0,,,,
2017-08-31 17:30:00,66,26.52,100.83,0,26.14,1.13,0,,,,
2017-08-31 17:00:00,66,26.4,100.82,0,26.15,1.46,0,,,,
2017-08-31 16:30:00,69.5,25.16,100.86,0.01,26.02,1.8,0,,,,
2017-08-31 16:00:00,68.64,25.43,100.87,0,25.62,2.96,0,,,,
2017-08-31 15:30:00,68.2,25.73,100.89,0,25.66,2.52,0,,,,
2017-08-31 15:00:00,64.55,26.22,100.87,0.01,25.65,2.42,0,,,,
2017-08-31 14:30:00,64.35,26.44,100.89,0,25.6,3.22,0,,,,
2017-08-31 14:00:00,66.67,27.02,100.89,0,25.62,4.24,0,,,,
2017-08-31 13:30:00,64.4,27.91,100.88,0.01,25.58,5.34,0,,,,
2017-08-31 13:00:00,62.13,27.92,100.88,0,25.64,6.99,0,,,,
2017-08-31 12:30:00,62.2,27.91,100.91,0,25.65,5.9,0,,,,
2017-08-31 12:00:00,64.05,27.9,100.93,0,25.65,6.99,0,,,,
2017-08-31 11:30:00,65.59,27.74,100.96,0,25.65,6.48,0,,,,
2017-08-31 11:00:00,66.27,27.37,100.99,0,25.65,6.14,0,,,,
2017-08-31 10:30:00,66.18,27.41,101.01,0,25.66,6.41,0,,,,
2017-08-31 10:00:00,65.3,27.68,101,0.01,25.66,8.3,0,,,,
2017-08-31 09:30:00,66.32,27.13,101,0,25.67,8.33,0,,,,
2017-08-31 09:00:00,67.4,26.99,101,0,25.69,7.04,0,,,,
2017-08-31 08:30:00,66.9,27.16,100.98,0,25.44,3.01,0,,,,
2017-08-31 08:00:00,66.69,26.93,100.97,0,25.45,1.55,0,,,,
2017-08-31 07:30:00,66.5,26.82,100.96,0,25.45,2.21,0,,,,
2017-08-31 07:00:00,67.23,26.52,100.97,0,25.45,1.84,0,,,,
2017-08-31 06:30:00,67.8,26.3,100.98,0,25.45,1.34,0,,,,
2017-08-31 06:00:00,67.82,26.19,100.95,0,25.44,1.03,0,,,,
2017-08-31 05:30:00,67.58,26.18,100.92,0,25.45,0.93,0,,,,
2017-08-31 05:00:00,67.25,26.22,100.91,0,25.46,0.91,0,,,,
2017-08-31 04:30:00,66.91,26.25,100.88,0,25.45,0.92,0,,,,
2017-08-31 04:00:00,66.4,26.31,100.89,0,25.45,0.93,0,,,,
2017-08-31 03:30:00,65.92,26.41,100.89,0,25.45,0.92,0,,,,
2017-08-31 03:00:00,65.47,26.5,100.91,0,25.46,0.92,0,,,,
2017-08-31 02:30:00,65.09,26.57,100.91,0,25.47,0.92,0,,,,
2017-08-31 02:00:00,64.7,26.65,100.91,0,25.46,0.93,0,,,,
2017-08-31 01:30:00,64.04,26.71,100.95,0,25.47,0.92,0,,,,
2017-08-31 01:00:00,63.62,26.81,100.96,0,25.47,0.94,0,,,,
2017-08-31 00:30:00,63.31,26.79,100.99,0,25.47,0.93,0,,,,
2017-08-31 00:00:00,63.15,26.85,100.99,0,25.47,0.92,0,,,,
2017-08-30 23:30:00,63.12,26.88,101.01,0,25.47,0.93,0,,,,
2017-08-30 23:00:00,63.41,26.93,101.01,0,25.48,0.93,0,,,,
2017-08-30 22:30:00,64.01,26.99,101.01,0,25.48,0.91,0,,,,
2017-08-30 22:00:00,64.11,27.06,101.01,0,25.48,0.92,0,,,,
2017-08-30 21:30:00,64.3,27.09,101.01,0,25.48,0.94,0,,,,
2017-08-30 21:00:00,64.47,27.11,101.03,0,25.49,0.93,0,,,,
2017-08-30 20:30:00,64.42,27.11,101,0,25.48,0.92,0,,,,
2017-08-30 20:00:00,64.62,27.19,100.99,0,25.49,0.94,0,,,,
2017-08-30 19:30:00,64.67,27.29,100.98,0,25.49,0.93,0,,,,
2017-08-30 19:00:00,64.47,27.4,100.97,0,25.49,0.93,0,,,,
2017-08-30 18:30:00,64.15,27.55,100.94,0,25.5,0.94,0,,,,
2017-08-30 18:00:00,63.62,27.7,100.92,0,25.51,1.04,0,,,,
2017-08-30 17:30:00,63.39,27.76,100.85,0,25.51,1.71,0,,,,
2017-08-30 17:00:00,64.13,27.61,100.88,0,25.51,1.29,0,,,,
2017-08-30 16:30:00,65.53,27.2,100.87,0,25.52,2.31,0,,,,
2017-08-30 16:00:00,64.77,27.48,100.87,0,25.49,2.33,0,,,,
2017-08-30 15:30:00,63.84,27.7,100.85,0,25.5,3.16,0,,,,
2017-08-30 15:00:00,63.19,27.84,100.82,0,25.5,3.96,0,,,,
2017-08-30 14:30:00,61.21,27.96,100.83,0,25.41,4.26,0,,,,
2017-08-30 14:00:00,62.08,27.88,100.84,0,25.41,3.51,0,,,,
2017-08-30 13:30:00,61.92,27.84,100.86,0,25.45,4.35,0,,,,
2017-08-30 13:00:00,62,27.9,100.89,0.07,25.47,3.35,0,,,,
2017-08-30 12:30:00,63.6,28.42,100.87,0,25.38,5.23,0,,,,
2017-08-30 12:00:00,63.54,28.32,100.89,0.04,33.77,6.2,0,,,,
2017-08-30 11:30:00,64.54,28.26,100.91,0.02,37.92,6.18,0,,,,
2017-08-30 11:00:00,64.17,28.38,100.94,0,37.93,6.1,0,,,,
2017-08-30 10:30:00,65.38,28.34,100.97,0,37.93,10.32,0,,,,
2017-08-30 10:00:00,65.23,28.42,101,0.02,37.94,8.17,0,,,,
2017-08-30 09:30:00,65.23,28.51,101,0,37.91,11.28,0,,,,
2017-08-30 09:00:00,64.73,29.12,100.99,0,37.92,4,0,,,,
2017-08-30 08:30:00,65.09,28.92,100.98,0,37.93,3.03,0,,,,
2017-08-30 08:00:00,65.9,28.69,100.95,0,37.93,2.88,0,,,,
2017-08-30 07:30:00,67.35,28.11,100.95,0,37.95,2.86,0,,,,
2017-08-30 07:00:00,68.91,27.6,100.95,0,37.94,2.13,0,,,,
2017-08-30 06:30:00,69.57,27.34,100.95,0,37.94,1.22,0,,,,
2017-08-30 06:00:00,69.64,27.17,100.92,0,37.94,1.07,0,,,,
2017-08-30 05:30:00,69.69,27.17,100.91,0,37.94,0.93,0,,,,
2017-08-30 05:00:00,69.68,27.21,100.91,0,37.94,0.93,0,,,,
2017-08-30 04:30:00,70.26,27.21,100.92,0,37.94,0.93,0,,,,
2017-08-30 04:00:00,70.75,27.22,100.92,0,37.94,0.92,0,,,,
2017-08-30 03:30:00,71.03,27.25,100.9,0,37.95,0.92,0,,,,
2017-08-30 03:00:00,71.41,27.23,100.93,0,37.94,0.92,0,,,,
2017-08-30 02:30:00,71.62,27.12,100.93,0,37.94,0.92,0,,,,
2017-08-30 02:00:00,72.03,27.05,100.96,0,37.95,0.92,0,,,,
2017-08-30 01:30:00,72.12,27.15,100.99,0,37.95,0.93,0,,,,
2017-08-30 01:00:00,72.42,27.15,101.03,0,37.94,0.92,0,,,,
2017-08-30 00:30:00,72.97,27.12,101.08,0,37.94,0.92,0,,,,
2017-08-30 00:00:00,73.43,27.08,101.08,0,37.95,0.93,0,,,,
2017-08-29 23:30:00,73.29,27.3,101.09,0,37.95,0.91,0,,,,
2017-08-29 23:00:00,73.16,27.27,101.11,0,37.95,0.94,0,,,,
2017-08-29 22:30:00,72.79,27.15,101.12,0,37.95,0.91,0,,,,
2017-08-29 22:00:00,69.55,27.72,101.15,0,37.96,0.92,0,,,,
2017-08-29 21:30:00,68.92,27.96,101.12,0,37.96,0.92,0,,,,
2017-08-29 21:00:00,71.01,28.08,101.12,0,37.97,0.94,0,,,,
2017-08-29 20:30:00,72.75,28.06,101.12,0,37.96,0.93,0,,,,
2017-08-29 20:00:00,73.9,27.9,101.14,0,37.97,0.93,0,,,,
2017-08-29 19:30:00,75.51,27.8,101.09,0,37.97,0.94,0,,,,
2017-08-29 19:00:00,77.04,27.99,101.03,0,37.98,0.92,0,,,,
2017-08-29 18:30:00,76.35,28.58,101.02,0,38,0.92,0,,,,
2017-08-29 18:00:00,75.96,28.83,100.98,0,38,0.95,0,,,,
2017-08-29 17:30:00,75.9,28.98,100.98,0,38.01,0.97,0,,,,
2017-08-29 17:00:00,76.05,29.13,100.95,0,38.01,1.04,0,,,,
2017-08-29 16:30:00,77.64,28.81,100.93,0,38.02,1.27,0,,,,
2017-08-29 16:00:00,78.35,28.74,100.95,0.01,38,1.92,0,,,,
2017-08-29 15:30:00,78.93,28.83,100.88,0.01,37.77,2.24,0,,,,
2017-08-29 15:00:00,80.37,28.75,100.92,0.01,37.77,3.24,0,,,,
2017-08-29 14:30:00,80.89,29.09,100.91,0.03,34.53,2.33,0,,,,
2017-08-29 14:00:00,79.49,29.24,100.9,0,30.32,2.7,0,,,,
2017-08-29 13:30:00,79.41,29.59,100.91,0.01,30.39,2.47,0,,,,
2017-08-29 13:00:00,78.02,29.9,100.91,0,31.28,2.95,0,,,,
2017-08-29 12:30:00,76.98,30.09,100.94,0,31.27,4.21,0,,,,
2017-08-29 12:00:00,77.02,30.25,100.98,0,31.24,3.1,0,,,,
2017-08-29 11:30:00,76.97,30.37,101.01,0,31.27,2.58,0,,,,
2017-08-29 11:00:00,77.51,30.14,101.03,0,31.31,6.89,0,,,,
2017-08-29 10:30:00,77.22,30.1,101.07,0,32.2,3.29,0,,,,
2017-08-29 10:00:00,77.67,29.91,101.07,0,32.08,4.68,0,,,,
2017-08-29 09:30:00,77,29.95,101.09,0.08,34.64,3.31,0,,,,
2017-08-29 09:00:00,76.63,30.06,101.07,0,35.06,4.27,0,,,,
2017-08-29 08:30:00,74.52,30.79,101.03,0,34.65,1.68,0,,,,
2017-08-29 08:00:00,75.04,30.74,101.01,0,34.65,1.46,0,,,,
2017-08-29 07:30:00,75.31,30.74,100.97,0,34.65,1.47,0,,,,
2017-08-29 07:00:00,75.6,30.74,100.95,0,34.65,1.4,0,,,,
2017-08-29 06:30:00,75.84,30.85,100.91,0,34.64,1,0,,,,
2017-08-29 06:00:00,75.72,30.92,100.89,0,34.64,0.96,0,,,,
2017-08-29 05:30:00,75.42,30.95,100.85,0,34.65,0.93,0,,,,
2017-08-29 05:00:00,75.31,30.96,100.81,0,34.65,0.91,0,,,,
2017-08-29 04:30:00,75.31,30.99,100.79,0,34.66,0.93,0,,,,
2017-08-29 04:00:00,75.09,31.06,100.77,0,34.66,0.93,0,,,,
2017-08-29 03:30:00,74.78,31.12,100.76,0,34.65,0.92,0,,,,
2017-08-29 03:00:00,74.49,31.19,100.76,0,34.65,0.92,0,,,,
2017-08-29 02:30:00,74.15,31.23,100.78,0,34.66,0.92,0,,,,
2017-08-29 02:00:00,73.68,31.35,100.76,0,34.65,0.92,0,,,,
2017-08-29 01:30:00,73.23,31.51,100.78,0,34.64,0.9,0,,,,
2017-08-29 01:00:00,72.73,31.69,100.77,0,34.64,0.92,0,,,,
2017-08-29 00:30:00,71.32,31.85,100.73,0,34.63,0.9,0,,,,
2017-08-29 00:00:00,69.12,31.85,100.71,0,34.62,0.91,0,,,,
2017-08-28 23:30:00,68.84,31.96,100.7,0,34.64,0.91,0,,,,
2017-08-28 23:00:00,68.49,32.12,100.7,0,34.64,0.93,0,,,,
2017-08-28 22:30:00,68.11,32.32,100.71,0,34.64,0.91,0,,,,
2017-08-28 22:00:00,67.78,32.51,100.75,0,34.64,0.91,0,,,,
2017-08-28 21:30:00,67.27,32.7,100.73,0,34.65,0.93,0,,,,
2017-08-28 21:00:00,66.68,32.94,100.7,0,34.65,0.91,0,,,,
2017-08-28 20:30:00,65.69,33.25,100.66,0,34.67,0.92,0,,,,
2017-08-28 20:00:00,64.53,33.68,100.63,0,34.65,0.91,0,,,,
2017-08-28 19:30:00,62.99,34.17,100.61,0,34.65,0.91,0,,,,
2017-08-28 19:00:00,60.91,34.8,100.58,0,34.63,0.91,0,,,,
2017-08-28 18:30:00,58.68,35.47,100.54,0,34.63,1,0,,,,
2017-08-28 18:00:00,56.82,36.21,100.54,0,34.64,1.53,0,,,,
2017-08-28 17:30:00,54.64,37.09,100.5,0,34.66,2.74,0,,,,
2017-08-28 17:00:00,53.82,37.38,100.48,0,34.67,3.31,0,,,,
2017-08-28 16:30:00,53.44,37.24,100.5,0,34.69,3.91,0,,,,
2017-08-28 16:00:00,50.98,38.03,100.51,0,34.67,9.61,0,,,,
2017-08-28 15:30:00,50.69,38.33,100.49,0,34.72,10.55,0,,,,
2017-08-28 15:00:00,51.27,38.42,100.49,0.02,35.61,11.25,0,,,,
2017-08-28 14:30:00,50.37,38.44,100.52,0,35.87,11.43,0,,,,
2017-08-28 14:00:00,51.14,38.11,100.55,0,35.51,9.92,0,,,,
2017-08-28 13:30:00,52.13,37.62,100.57,0.01,36.63,8.83,0,,,,
2017-08-28 13:00:00,52.41,37.28,100.58,0.01,35.29,8.15,0,,,,
2017-08-28 12:30:00,52.01,37.03,100.63,0.01,35.34,6.78,0,,,,
2017-08-28 12:00:00,53.65,36.65,100.66,0,35.36,6.26,0,,,,
2017-08-28 11:30:00,55.12,36.32,100.65,0,35.37,6.68,0,,,,
2017-08-28 11:00:00,56.68,35.94,100.68,0.01,35.33,4.88,0,,,,
2017-08-28 10:30:00,55.42,35.66,100.68,0.01,35.33,4.81,0,,,,
2017-08-28 10:00:00,59.35,35.01,100.71,0,35.35,4.85,0,,,,
2017-08-28 09:30:00,65.13,34.14,100.72,0,35.36,4.82,0,,,,
2017-08-28 09:00:00,69.14,33.03,100.73,0,35.35,4.71,0,,,,
2017-08-28 08:30:00,75.78,31.95,100.72,0,35.3,2.38,0,,,,
2017-08-28 08:00:00,78.27,31.24,100.71,0,35.24,2.31,0,,,,
2017-08-28 07:30:00,80.23,30.54,100.7,0,35.25,2.2,0,,,,
2017-08-28 07:00:00,81.68,30.01,100.7,0,35.26,1.98,0,,,,
2017-08-28 06:30:00,82.56,29.71,100.69,0,35.26,1.61,0,,,,
2017-08-28 06:00:00,83.17,29.54,100.67,0,35.27,1.21,0,,,,
2017-08-28 05:30:00,83.44,29.52,100.66,0,35.26,0.96,0,,,,
2017-08-28 05:00:00,83.11,29.67,100.65,0,35.26,0.91,0,,,,
2017-08-28 04:30:00,82.99,29.81,100.65,0,35.26,0.93,0,,,,
2017-08-28 04:00:00,82.83,29.92,100.65,0,35.26,0.92,0,,,,
2017-08-28 03:30:00,82.63,30.01,100.65,0,35.26,0.9,0,,,,
2017-08-28 03:00:00,82.35,30.1,100.63,0,35.27,0.92,0,,,,
2017-08-28 02:30:00,82.01,30.21,100.65,0,35.27,0.92,0,,,,
2017-08-28 02:00:00,81.41,30.32,100.64,0,35.27,0.91,0,,,,
2017-08-28 01:30:00,80.73,30.39,100.67,0,35.27,0.92,0,,,,
2017-08-28 01:00:00,80.17,30.49,100.68,0,35.27,0.91,0,,,,
2017-08-28 00:30:00,79.57,30.59,100.69,0,35.28,0.91,0,,,,
2017-08-28 00:00:00,79.23,30.69,100.68,0,35.29,0.91,0,,,,
2017-08-27 23:30:00,79.03,30.82,100.69,0,35.29,0.9,0,,,,
2017-08-27 23:00:00,78.14,30.99,100.68,0,35.31,0.91,0,,,,
2017-08-27 22:30:00,76.74,31.2,100.69,0,35.32,0.9,0,,,,
2017-08-27 22:00:00,75.72,31.4,100.69,0,35.32,0.92,0,,,,
2017-08-27 21:30:00,74.92,31.55,100.71,0,35.31,0.92,0,,,,
2017-08-27 21:00:00,74.32,31.74,100.7,0,35.31,0.91,0,,,,
2017-08-27 20:30:00,70.84,31.96,100.68,0,35.29,0.91,0,,,,
2017-08-27 20:00:00,68.5,32.22,100.65,0,35.3,0.91,0,,,,
2017-08-27 19:30:00,66.78,32.61,100.61,0,35.28,0.92,0,,,,
2017-08-27 19:00:00,64.63,33.19,100.57,0,35.27,0.9,0,,,,
2017-08-27 18:30:00,62.72,33.85,100.58,0,35.24,1.11,0,,,,
2017-08-27 18:00:00,61.69,34.54,100.58,0,35.26,1.7,0,,,,
2017-08-27 17:30:00,60.05,35.33,100.59,0,35.25,2.85,0,,,,
2017-08-27 17:00:00,59.1,35.89,100.59,0,35.25,3.82,0,,,,
2017-08-27 16:30:00,58.06,36.12,100.6,0,35.25,4.42,0,,,,
2017-08-27 16:00:00,58.24,36.3,100.61,0,35.26,5.45,0,,,,
2017-08-27 15:30:00,57.74,36.41,100.61,0,35.26,6.11,0,,,,
2017-08-27 15:00:00,57.99,36.38,100.63,0,35.27,6.5,0,,,,
2017-08-27 14:30:00,58.57,36.25,100.64,0,35.27,6.68,0,,,,
2017-08-27 14:00:00,59.58,35.8,100.66,0,35.27,6.68,0,,,,
2017-08-27 13:30:00,61.35,35.14,100.71,0,35.3,5.91,0,,,,
2017-08-27 13:00:00,63.09,34.67,100.75,0,35.29,5.67,0,,,,
2017-08-27 12:30:00,64.12,34.26,100.8,0,35.3,6.34,0,,,,
2017-08-27 12:00:00,65.62,33.65,100.83,0,35.31,5.28,0,,,,
2017-08-27 11:30:00,66.75,33.2,100.86,0,35.32,6.06,0,,,,
2017-08-27 11:00:00,67.61,32.72,100.89,0,35.33,4.82,0,,,,
2017-08-27 10:30:00,69.62,31.96,100.93,0,35.32,5.72,0,,,,
2017-08-27 10:00:00,70.25,31.34,100.94,0,35.23,5.04,0,,,,
2017-08-27 09:30:00,70.33,30.81,100.95,0,35.14,4.71,0,,,,
2017-08-27 09:00:00,70.96,30.41,100.97,0,35.14,3.65,0,,,,
2017-08-27 08:30:00,71.6,30.07,100.96,0,35.15,3.17,0,,,,
2017-08-27 08:00:00,71.9,29.83,100.96,0,35.16,2.38,0,,,,
2017-08-27 07:30:00,72.4,29.49,100.93,0,35.17,2.28,0,,,,
2017-08-27 07:00:00,72.76,29.21,100.92,0,35.18,1.54,0,,,,
2017-08-27 06:30:00,72.69,29.04,100.94,0,35.17,1.15,0,,,,
2017-08-27 06:00:00,72.67,29.03,100.91,0,35.17,1,0,,,,
2017-08-27 05:30:00,72.46,29.04,100.87,0,35.18,0.92,0,,,,
2017-08-27 05:00:00,72.25,29.1,100.87,0,35.18,0.92,0,,,,
2017-08-27 04:30:00,71.9,29.12,100.86,0,35.18,0.93,0,,,,
2017-08-27 04:00:00,71.28,29.13,100.83,0,35.18,0.91,0,,,,
2017-08-27 03:30:00,70.98,29.18,100.82,0,35.18,0.92,0,,,,
2017-08-27 03:00:00,70.36,29.19,100.83,0,35.18,0.91,0,,,,
2017-08-27 02:30:00,69.93,29.21,100.83,0,35.18,0.93,0,,,,
2017-08-27 02:00:00,69.2,29.22,100.86,0,35.18,0.91,0,,,,
2017-08-27 01:30:00,68.59,29.23,100.86,0,35.18,0.91,0,,,,
2017-08-27 01:00:00,67.68,29.23,100.9,0,35.18,0.93,0,,,,
2017-08-27 00:30:00,66.52,29.21,100.91,0,35.18,0.93,0,,,,
2017-08-27 00:00:00,65.32,29.27,100.96,0,35.19,0.92,0,,,,
2017-08-26 23:30:00,63.98,29.37,100.96,0,35.19,0.91,0,,,,
2017-08-26 23:00:00,61.84,29.3,100.96,0,35.19,0.91,0,,,,
2017-08-26 22:30:00,59.02,29.4,100.95,0,35.19,0.9,0,,,,
2017-08-26 22:00:00,57.85,29.39,100.97,0,35.2,0.93,0,,,,
2017-08-26 21:30:00,57.47,29.3,100.98,0,35.2,0.92,0,,,,
2017-08-26 21:00:00,55.97,29.17,100.94,0,35.21,0.92,0,,,,
2017-08-26 20:30:00,54.15,29.27,100.96,0,35.21,0.92,0,,,,
2017-08-26 20:00:00,53.35,29.36,100.93,0,35.21,0.92,0,,,,
2017-08-26 19:30:00,53.6,29.72,100.89,0,35.21,0.91,0,,,,
2017-08-26 19:00:00,52.69,30.17,100.89,0,35.2,0.91,0,,,,
2017-08-26 18:30:00,50.71,30.88,100.89,0,35.22,1.1,0,,,,
2017-08-26 18:00:00,51.53,30.81,100.93,0,35.22,1.45,0,,,,
2017-08-26 17:30:00,50.84,31.3,100.93,0.02,35.23,2.86,0,,,,
2017-08-26 17:00:00,49.46,31.52,100.93,0.03,35.23,5.02,0,,,,
2017-08-26 16:30:00,49.9,31.61,100.93,0,35.24,4.24,0,,,,
2017-08-26 16:00:00,51.63,31.83,100.94,0,35.24,2.72,0,,,,
2017-08-26 15:30:00,46.12,32.25,100.91,0,35.27,4.92,0,,,,
2017-08-26 15:00:00,56.64,32.66,100.89,0.01,35.31,7.08,0,,,,
2017-08-26 14:30:00,56.48,32.32,100.88,0,35.35,7,0,,,,
2017-08-26 14:00:00,55.73,32.33,100.9,0,35.1,7.36,0,,,,
2017-08-26 13:30:00,54.68,32.56,100.91,0,35.1,7.31,0,,,,
2017-08-26 13:00:00,53.07,32.64,100.94,0,35.11,7.67,0,,,,
2017-08-26 12:30:00,53.33,32.3,100.96,0,35.15,10.38,0,,,,
2017-08-26 12:00:00,52.15,31.46,101,0,34.38,9.62,0,,,,
2017-08-26 11:30:00,56.54,31.44,101.01,0.01,34.37,8.25,0,,,,
2017-08-26 11:00:00,57.47,31.17,101.02,0.05,89.03,6.31,1.79,,,,
2017-08-26 10:30:00,61.64,30.73,101.03,0,69.05,6.48,0,,,,
2017-08-26 10:00:00,63.24,29.75,101.05,0,92.39,5.83,0,,,,
2017-08-26 09:30:00,64.76,28.95,101.05,0,92.42,4.17,0,,,,
2017-08-26 09:00:00,62.02,29.67,101.02,0,92.41,4.67,0,,,,
2017-08-26 08:30:00,65.29,29.96,101.01,0,92.4,1.53,0,,,,
2017-08-26 08:00:00,67.89,29.98,100.95,0,92.41,1.51,0,,,,
2017-08-26 07:30:00,71.86,30.02,100.91,0,92.4,1.44,0,,,,
2017-08-26 07:00:00,73.93,29.97,100.86,0,92.41,1.18,0,,,,
2017-08-26 06:30:00,73.81,29.93,100.85,0,92.41,1.03,0,,,,
2017-08-26 06:00:00,73.82,29.92,100.81,0,92.41,0.97,0,,,,
2017-08-26 05:30:00,73.49,29.94,100.77,0,92.4,0.91,0,,,,
2017-08-26 05:00:00,73.06,30,100.74,0,92.41,0.91,0,,,,
2017-08-26 04:30:00,72.74,30.04,100.73,0,92.4,0.91,0,,,,
2017-08-26 04:00:00,72.2,30.18,100.71,0,92.39,0.91,0,,,,
2017-08-26 03:30:00,72.26,30.09,100.71,0,92.39,0.91,0,,,,
2017-08-26 03:00:00,71.48,30.21,100.72,0,92.39,0.91,0,,,,
2017-08-26 02:30:00,70.72,30.28,100.74,0,92.39,0.91,0,,,,
2017-08-26 02:00:00,69.63,30.4,100.75,0,92.39,0.9,0,,,,
2017-08-26 01:30:00,68.8,30.52,100.75,0,92.38,0.92,0,,,,
2017-08-26 01:00:00,68.59,30.65,100.77,0,92.39,0.92,0,,,,
2017-08-26 00:30:00,70.36,30.75,100.75,0,92.38,0.91,0,,,,
2017-08-26 00:00:00,72.43,30.81,100.78,0,92.37,0.91,0,,,,
2017-08-25 23:30:00,72.36,30.85,100.82,0,92.38,0.91,0,,,,
2017-08-25 23:00:00,72.4,30.91,100.84,0,92.38,0.9,0,,,,
2017-08-25 22:30:00,72.82,30.96,100.84,0,92.37,0.91,0,,,,
2017-08-25 22:00:00,72.84,31.12,100.82,0,92.37,0.89,0,,,,
2017-08-25 21:30:00,72.76,31.2,100.83,0,92.36,0.9,0,,,,
2017-08-25 21:00:00,72.47,31.28,100.78,0,92.37,0.89,0,,,,
2017-08-25 20:30:00,72.12,31.38,100.73,0,92.36,0.9,0,,,,
2017-08-25 20:00:00,72.12,31.55,100.71,0,92.35,0.91,0,,,,
2017-08-25 19:30:00,72.22,31.82,100.7,0,92.35,0.9,0,,,,
2017-08-25 19:00:00,72.25,32.04,100.66,0,92.34,0.9,0,,,,
2017-08-25 18:30:00,72.94,31.83,100.62,0,92.34,0.95,0,,,,
2017-08-25 18:00:00,71.34,32.17,100.59,0,92.34,1.38,0,,,,
2017-08-25 17:30:00,68.29,33.65,100.59,0,92.32,1.29,0,,,,
2017-08-25 17:00:00,67.57,33.95,100.59,0,92.31,1.94,0,,,,
2017-08-25 16:30:00,71.16,32.77,100.53,0,92.34,3.64,0,,,,
2017-08-25 16:00:00,68.72,33.37,100.51,0,92.18,6.54,0,,,,
2017-08-25 15:30:00,64.85,34.44,100.49,0,92.13,18.74,0,,,,
2017-08-25 15:00:00,67.55,33.17,100.47,0.07,92.26,18.9,0,,,,
2017-08-25 14:30:00,63.73,35.06,100.5,0.03,90.79,5.64,0,,,,
2017-08-25 14:00:00,58.23,36.54,100.45,0,74.24,14.23,0,,,,
2017-08-25 13:30:00,58.25,36.8,100.42,0,74.99,11.92,0,,,,
2017-08-25 13:00:00,58.98,36.36,100.47,0,75.03,12.79,0,,,,
2017-08-25 12:30:00,61.88,35.57,100.49,0,75.12,8.53,0,,,,
2017-08-25 12:00:00,64.57,35.36,100.52,0,75.14,8.59,0,,,,
2017-08-25 11:30:00,60.41,35.67,100.53,0,75.16,11.45,0,,,,
2017-08-25 11:00:00,66.42,34.96,100.57,0,75.17,4.78,0,,,,
2017-08-25 10:30:00,65.2,34.73,100.58,0,75.17,3.45,0,,,,
2017-08-25 10:00:00,67.84,34.26,100.62,0,75.19,4.03,0,,,,
2017-08-25 09:30:00,70.15,33.88,100.6,0,77.22,3.44,0,,,,
2017-08-25 09:00:00,72.9,33.11,100.58,0,77.25,2.55,0,,,,
2017-08-25 08:30:00,75.47,32.33,100.59,0,77.29,2.4,0,,,,
2017-08-25 08:00:00,76.78,31.6,100.56,0,77.32,2.33,0,,,,
2017-08-25 07:30:00,77.61,31.18,100.57,0,77.33,1.74,0,,,,
2017-08-25 07:00:00,77.72,31.02,100.56,0,77.34,1.42,0,,,,
2017-08-25 06:30:00,77.91,30.9,100.54,0,77.34,1.32,0,,,,
2017-08-25 06:00:00,77.74,30.92,100.51,0,77.34,1.09,0,,,,
2017-08-25 05:30:00,77.5,30.99,100.51,0,77.33,0.91,0,,,,
2017-08-25 05:00:00,77.17,31.12,100.49,0,77.33,0.92,0,,,,
2017-08-25 04:30:00,76.48,31.25,100.46,0,77.33,0.9,0,,,,
2017-08-25 04:00:00,76.12,31.35,100.46,0,77.33,0.91,0,,,,
2017-08-25 03:30:00,75.84,31.42,100.43,0,77.32,0.91,0,,,,
2017-08-25 03:00:00,75.62,31.46,100.47,0,77.33,0.89,0,,,,
2017-08-25 02:30:00,75.41,31.51,100.46,0,77.33,0.91,0,,,,
2017-08-25 02:00:00,75.22,31.57,100.47,0,77.32,0.91,0,,,,
2017-08-25 01:30:00,74.96,31.67,100.46,0,77.33,0.91,0,,,,
2017-08-25 01:00:00,74.52,31.81,100.46,0,77.32,0.9,0,,,,
2017-08-25 00:30:00,74.25,31.84,100.46,0,77.31,0.92,0,,,,
2017-08-25 00:00:00,73.81,31.9,100.48,0,77.32,0.89,0,,,,
2017-08-24 23:30:00,73.25,31.99,100.5,0,77.31,0.91,0,,,,
2017-08-24 23:00:00,72.49,32.14,100.52,0,77.32,0.9,0,,,,
2017-08-24 22:30:00,71.71,32.33,100.51,0,77.32,0.91,0,,,,
2017-08-24 22:00:00,70.92,32.54,100.54,0,77.31,0.91,0,,,,
2017-08-24 21:30:00,70.78,32.72,100.52,0,77.3,0.9,0,,,,
2017-08-24 21:00:00,70.54,32.88,100.54,0,77.31,0.9,0,,,,
2017-08-24 20:30:00,70.06,33.14,100.49,0,77.3,0.89,0,,,,
2017-08-24 20:00:00,69.16,33.49,100.47,0,77.29,0.89,0,,,,
2017-08-24 19:30:00,68.26,33.88,100.44,0,77.27,0.9,0,,,,
2017-08-24 19:00:00,67.07,34.38,100.36,0,77.26,0.9,0,,,,
2017-08-24 18:30:00,65.03,35.06,100.34,0,77.23,0.98,0,,,,
2017-08-24 18:00:00,62.84,35.8,100.34,0,77.21,1.5,0,,,,
2017-08-24 17:30:00,61.44,36.58,100.31,0,77.17,2.79,0,,,,
2017-08-24 17:00:00,61.09,36.98,100.32,0,77.15,4.13,0,,,,
2017-08-24 16:30:00,61.39,37,100.33,0,77.16,3.6,0,,,,
2017-08-24 16:00:00,59.78,37.4,100.32,0,77.16,2.95,0,,,,
2017-08-24 15:30:00,58.72,37.66,100.32,0,77.13,5.64,0,,,,
2017-08-24 15:00:00,58.84,37.36,100.31,0,77.15,5.11,0,,,,
2017-08-24 14:30:00,57.68,37.23,100.32,0,77.15,5,0,,,,
2017-08-24 14:00:00,59.51,36.91,100.34,0,77.16,5.03,0,,,,
2017-08-24 13:30:00,60.29,36.32,100.38,0,77.19,4.25,0,,,,
2017-08-24 13:00:00,61.35,36.02,100.4,0,77.21,3.33,0,,,,
2017-08-24 12:30:00,61.7,35.92,100.43,0,77.21,5.37,0,,,,
2017-08-24 12:00:00,61.09,36.03,100.45,0,77.23,4.71,0,,,,
2017-08-24 11:30:00,61.3,36,100.47,0,77.23,6.11,0,,,,
2017-08-24 11:00:00,60.9,35.78,100.49,0,77.3,8.93,0,,,,
2017-08-24 10:30:00,61.1,35.41,100.47,0,77.3,5.55,0,,,,
2017-08-24 10:00:00,61.93,35.26,100.48,0,99.24,5.61,0,,,,
2017-08-24 09:30:00,66.37,34.22,100.47,0,99.26,1.97,0,,,,
2017-08-24 09:00:00,68.67,33.54,100.47,0,99.3,1.87,0,,,,
2017-08-24 08:30:00,72.04,32.77,100.48,0,99.34,1.76,0,,,,
2017-08-24 08:00:00,74.53,32.03,100.44,0,99.39,1.67,0,,,,
2017-08-24 07:30:00,76.59,31.43,100.42,0,99.41,1.59,0,,,,
2017-08-24 07:00:00,77.77,30.87,100.41,0,99.42,1.5,0,,,,
2017-08-24 06:30:00,79.04,30.47,100.41,0,99.43,1.38,0,,,,
2017-08-24 06:00:00,79.45,30.29,100.38,0,99.43,1.05,0,,,,
2017-08-24 05:30:00,79.38,30.44,100.38,0,99.43,0.91,0,,,,
2017-08-24 05:00:00,79.22,30.56,100.35,0,99.43,0.91,0,,,,
2017-08-24 04:30:00,78.98,30.68,100.33,0,99.43,0.89,0,,,,
2017-08-24 04:00:00,78.83,30.76,100.33,0,99.43,0.9,0,,,,
2017-08-24 03:30:00,78.54,30.91,100.31,0,99.42,0.91,0,,,,
2017-08-24 03:00:00,78.14,31.01,100.3,0,99.42,0.89,0,,,,
2017-08-24 02:30:00,77.78,31.12,100.32,0,99.42,0.91,0,,,,
2017-08-24 02:00:00,77.51,31.23,100.32,0,99.42,0.9,0,,,,
2017-08-24 01:30:00,76.91,31.34,100.33,0,99.42,0.9,0,,,,
2017-08-24 01:00:00,76.18,31.51,100.33,0,99.42,0.9,0,,,,
2017-08-24 00:30:00,75.86,31.63,100.38,0,99.42,0.9,0,,,,
2017-08-24 00:00:00,77.46,31.72,100.4,0,99.41,0.9,0,,,,
2017-08-23 23:30:00,77.71,31.84,100.42,0,99.41,0.91,0,,,,
2017-08-23 23:00:00,78.19,31.95,100.43,0,99.41,0.9,0,,,,
2017-08-23 22:30:00,78.4,32.07,100.44,0,99.4,0.9,0,,,,
2017-08-23 22:00:00,77.87,32.24,100.44,0,99.4,0.9,0,,,,
2017-08-23 21:30:00,77.08,32.43,100.44,0,99.39,0.91,0,,,,
2017-08-23 21:00:00,76.3,32.65,100.43,0,99.39,0.9,0,,,,
2017-08-23 20:30:00,75.57,32.89,100.39,0,99.38,0.91,0,,,,
2017-08-23 20:00:00,74.97,33.17,100.36,0,99.38,0.91,0,,,,
2017-08-23 19:30:00,73.72,33.52,100.33,0,99.36,0.88,0,,,,
2017-08-23 19:00:00,71.59,34.03,100.29,0,99.37,0.91,0,,,,
2017-08-23 18:30:00,68.3,34.83,100.24,0,99.35,0.96,0,,,,
2017-08-23 18:00:00,63.5,35.73,100.26,0,99.31,1.18,0,,,,
2017-08-23 17:30:00,59.35,36.73,100.24,0,99.3,1.67,0,,,,
2017-08-23 17:00:00,56.9,37.48,100.25,0,99.29,2.11,0,,,,
2017-08-23 16:30:00,53.06,38.73,100.26,0,99.3,2.39,0,,,,
2017-08-23 16:00:00,52.75,38.92,100.29,0,99.34,14.26,0,,,,
2017-08-23 15:30:00,57.38,37.11,100.28,0.05,99.28,13.71,0,,,,
2017-08-23 15:00:00,58.17,36.67,100.27,0.05,99.43,13.73,0,,,,
2017-08-23 14:30:00,60,36.64,100.3,0.05,99.78,12.68,0,,,,
2017-08-23 14:00:00,61,36.12,100.31,0,99.64,12.68,0,,,,
2017-08-23 13:30:00,61.09,36.04,100.36,0,99.65,11.39,0,,,,
2017-08-23 13:00:00,60.75,35.69,100.37,0.07,99.7,14.08,0,,,,
2017-08-23 12:30:00,62.41,35.25,100.37,0.07,99.63,10.4,0,,,,
2017-08-23 12:00:00,64.32,34.82,100.41,0.08,100.29,10.15,0,,,,
2017-08-23 11:30:00,64.76,34.82,100.42,0.07,100.91,10.24,0,,,,
2017-08-23 11:00:00,66.68,34.2,100.42,0,100.97,8.07,0,,,,
2017-08-23 10:30:00,67.99,33.82,100.46,0.03,101.1,7.89,0,,,,
2017-08-23 10:00:00,70.35,33.18,100.48,0,101.13,7.89,0,,,,
2017-08-23 09:30:00,71.16,32.78,100.49,0.01,101.09,7.99,0,,,,
2017-08-23 09:00:00,72.49,32.47,100.48,0,100.72,7.36,0,,,,
2017-08-23 08:30:00,75.56,31.81,100.47,0,100.75,1.82,0,,,,
2017-08-23 08:00:00,76.53,31.33,100.48,0,100.78,1.89,0,,,,
2017-08-23 07:30:00,78.79,30.83,100.47,0,100.79,1.52,0,,,,
2017-08-23 07:00:00,80.51,30.28,100.46,0,100.83,1.51,0,,,,
2017-08-23 06:30:00,81.2,29.92,100.48,0,100.84,1.32,0,,,,
2017-08-23 06:00:00,81.35,29.82,100.45,0,100.85,1.02,0,,,,
2017-08-23 05:30:00,80.96,29.88,100.44,0,100.85,0.91,0,,,,
2017-08-23 05:00:00,80.51,29.99,100.43,0,100.84,0.9,0,,,,
2017-08-23 04:30:00,80.19,30.06,100.4,0,100.84,0.91,0,,,,
2017-08-23 04:00:00,79.94,30.13,100.38,0,100.83,0.89,0,,,,
2017-08-23 03:30:00,79.85,30.18,100.39,0,100.83,0.93,0,,,,
2017-08-23 03:00:00,79.88,30.3,100.36,0,100.82,0.9,0,,,,
2017-08-23 02:30:00,79.89,30.44,100.38,0,100.82,0.91,0,,,,
2017-08-23 02:00:00,79.99,30.53,100.39,0,100.81,0.9,0,,,,
2017-08-23 01:30:00,80.03,30.65,100.38,0,100.81,0.89,0,,,,
2017-08-23 01:00:00,79.6,30.79,100.35,0,100.8,0.89,0,,,,
2017-08-23 00:30:00,79.48,30.92,100.37,0,100.8,0.89,0,,,,
2017-08-23 00:00:00,79.68,31.01,100.4,0,100.79,0.89,0,,,,
