2017/8/30 8:56,28.3,4.17,8.08,565,119
2017/8/30 9:01,28.9,4.12,8.08,565,115.8
2017/8/30 9:06,29,4.09,8.07,565,116.3
2017/8/30 9:11,29.1,4.09,8.06,565,118.4
2017/8/30 9:16,29.1,3.99,8.04,565,114.3
2017/8/30 9:21,29.1,4.05,8.04,565,114.6
2017/8/30 9:26,29.1,4.07,8.03,565,117.1
2017/8/30 9:31,29.2,4.07,8.02,567,125.1
2017/8/30 9:36,29.2,4.07,8.02,567,129.2
2017/8/30 9:41,29.2,4.04,8.01,567,116.8
2017/8/30 9:46,29.2,3.95,8.01,565,129.5
2017/8/30 9:51,29.2,3.95,8,565,113.1
2017/8/30 9:56,29.2,3.87,7.95,567,169.5
2017/8/30 10:01,29.2,3.85,7.97,565,141
2017/8/30 10:06,29.2,3.8,7.97,565,116.6
2017/8/30 10:11,29.3,3.9,7.97,567,129.1
2017/8/30 10:16,29.3,3.94,7.98,567,130.2
2017/8/30 10:21,29.3,3.84,7.94,567,157.8
2017/8/30 10:26,29.2,3.85,7.95,567,185.4
2017/8/30 10:31,29.3,3.85,7.95,567,150.3
2017/8/30 10:36,29.2,3.78,7.93,567,894.7
2017/8/30 10:41,29.2,3.85,7.94,567,374.3
2017/8/30 10:46,29.2,3.91,7.96,567,233.7
2017/8/30 10:51,29.3,3.89,7.96,567,194.3
2017/8/30 10:56,29.3,3.87,7.97,567,216
2017/8/30 11:01,29.3,3.95,7.97,567,207.6
2017/8/30 11:06,29.3,3.88,7.97,567,190
2017/8/30 11:11,29.3,3.84,7.95,567,195.6
2017/8/30 11:16,29.3,3.81,7.96,567,160.2
2017/8/30 11:21,29.2,3.9,7.95,567,154.1
2017/8/30 11:26,29.3,3.9,7.96,567,157.5
2017/8/30 11:31,29.3,3.91,7.96,567,155.3
2017/8/30 11:36,29.2,3.94,7.96,567,139.7
2017/8/30 11:41,29.2,3.9,7.95,567,134.2
2017/8/30 11:46,29.3,3.84,7.95,567,136
2017/8/30 11:51,29.3,3.84,7.95,567,139.9
2017/8/30 11:56,29.3,3.81,7.95,567,139.9
2017/8/30 12:01,29.3,3.78,7.94,567,133.9
2017/8/30 12:06,29.2,3.72,7.93,567,132.3
2017/8/30 12:11,29.3,3.75,7.93,567,132
2017/8/30 12:16,29.3,3.7,7.94,567,130.4
2017/8/30 12:21,29.3,3.65,7.93,567,196.6
2017/8/30 12:26,29.2,3.76,7.93,567,130.1
2017/8/30 12:31,29.3,3.69,7.93,567,135.4
2017/8/30 12:36,29.2,3.72,7.93,567,126.7
2017/8/30 12:41,29.3,3.66,7.92,567,114.2
2017/8/30 12:46,29.2,3.68,7.92,567,117.8
2017/8/30 12:51,29.2,3.66,7.9,567,139.3
2017/8/30 12:56,29.2,3.83,7.94,567,160.7
2017/8/30 13:01,29.2,3.88,7.94,567,150.4
2017/8/30 13:06,29.2,3.89,7.94,567,137
2017/8/30 13:11,29.2,3.97,7.95,569,128.1
2017/8/30 13:16,29.2,3.96,7.96,567,126.8
2017/8/30 13:21,29.1,3.88,7.96,567,126.7
2017/8/30 13:26,29.2,3.85,7.91,567,130.2
2017/8/30 13:31,29.1,3.75,7.93,567,126.7
2017/8/30 13:36,29.1,3.73,7.93,569,152.6
2017/8/30 13:41,29.1,3.78,7.93,569,141.7
2017/8/30 13:46,29.1,3.77,7.93,569,136.2
2017/8/30 13:51,29.1,3.79,7.92,569,124.6
2017/8/30 13:56,29.1,3.67,7.92,569,129.4
2017/8/30 14:01,29.1,3.78,7.92,569,138.5
2017/9/3 9:17,26.1,4.61,7.64,631,149.7
2017/9/3 9:22,26.4,4.55,7.64,633,141.6
2017/9/3 9:27,26.4,4.56,7.63,637,360.7
2017/9/3 9:32,26.3,4.56,7.59,651,178.1
2017/9/3 9:37,26.4,4.57,7.59,657,156
2017/9/3 9:42,26.4,4.54,7.59,659,153.9
2017/9/3 9:47,26.4,4.56,7.58,661,145.7
2017/9/3 9:52,26.4,4.54,7.58,627,189.4
2017/9/3 9:57,26.4,4.56,7.58,633,157.5
2017/9/3 10:02,26.4,4.56,7.58,637,179
2017/9/3 10:07,26.4,4.53,7.57,629,143.6
2017/9/3 10:12,26.4,4.54,7.56,631,170.1
2017/9/3 10:17,26.5,4.59,7.56,635,197.1
2017/9/3 10:22,26.4,4.57,7.57,697,285.8
2017/9/3 10:27,26.5,4.54,7.57,709,166
2017/9/3 10:32,26.5,4.57,7.57,713,154.9
2017/9/3 10:37,26.5,4.56,7.67,731,145.5
2017/9/3 10:42,26.5,4.55,7.67,739,140
2017/9/3 10:47,26.5,4.6,7.67,575,144.4
2017/9/3 10:52,26.5,4.61,7.66,563,145.9
2017/9/3 10:57,26.5,4.64,7.67,563,142.7
2017/9/3 11:02,26.5,4.54,7.66,589,155.2
2017/9/3 11:07,26.5,4.56,7.65,629,141
2017/9/3 11:12,26.5,4.58,7.64,629,138.7
2017/9/3 11:17,26.5,4.59,7.66,627,151.6
2017/9/3 11:22,26.5,4.63,7.65,625,145.9
2017/9/3 11:27,26.5,4.63,7.66,625,153.3
2017/9/3 11:32,26.6,4.62,7.65,625,135.6
2017/9/3 11:37,26.6,4.67,7.65,625,151.7
2017/9/3 11:42,26.6,4.67,7.57,625,152.2
2017/9/3 11:47,26.5,4.71,7.58,679,156.1
2017/9/3 11:52,26.5,4.73,7.58,681,145.7
2017/9/3 11:57,26.6,4.73,7.58,685,150.2
2017/9/3 12:02,26.6,4.71,7.58,687,148.8
2017/9/3 12:07,26.6,4.71,7.58,679,139.8
2017/9/3 12:12,26.6,4.67,7.58,681,243.8
2017/9/3 12:17,26.6,4.69,7.57,691,147.4
2017/9/3 12:22,26.6,4.71,7.57,703,139.3
2017/9/3 12:27,26.6,4.71,7.56,701,141.6
2017/9/3 12:32,26.7,4.73,7.56,701,188.2
2017/9/3 12:37,26.7,4.73,7.56,699,166.2
2017/9/3 12:42,26.6,4.71,7.56,701,229.4
2017/9/3 12:47,26.7,4.65,7.56,707,171.1
2017/9/3 12:52,26.7,4.8,7.58,705,161.5
2017/9/3 12:57,26.6,4.94,7.58,709,161.3
2017/9/3 13:02,26.6,4.88,7.59,619,281.7
2017/9/3 13:07,26.6,4.86,7.58,609,254.6
2017/9/3 13:12,26.6,4.91,7.58,605,171.9
2017/9/3 13:17,26.6,4.92,7.58,607,173.6
2017/9/3 13:22,26.6,4.92,7.58,607,186.9
2017/9/3 13:27,26.6,4.88,7.58,607,170.5
2017/9/3 13:32,26.6,4.85,7.59,607,172.2
2017/9/3 13:37,26.6,4.86,7.59,619,177.95
2017/9/3 13:42,26.6,4.87,7.58,621,180.825
2017/9/3 13:47,26.6,4.94,7.56,625,183.7
2017/9/3 13:52,26.7,4.89,7.58,627,189.45
2017/9/3 13:57,26.6,4.83,7.58,625,195.2
2017/9/3 14:02,26.6,4.83,7.58,627,149.4
2017/9/3 14:07,26.6,4.88,7.58,631,157
2017/9/3 14:12,26.7,4.87,7.58,633,144.3
2017/9/3 14:17,26.7,4.88,7.58,635,142
2017/9/3 14:22,26.7,4.89,7.58,635,146.2
2017/9/3 14:27,26.6,4.85,7.58,607,201.4
2017/9/3 14:32,26.7,4.81,7.58,605,216.2
2017/9/3 14:37,26.6,4.89,7.58,607,218
2017/9/3 14:42,26.6,4.83,7.58,641,209.1
2017/9/3 14:47,26.7,4.88,7.58,643,174.5
2017/9/3 14:52,26.7,4.88,7.59,625,177.85
2017/9/3 14:57,26.7,4.79,7.59,647,181.2
2017/9/3 15:02,26.7,4.83,7.58,641,190.6
2017/9/3 15:07,26.7,4.73,7.57,653,254.1
2017/9/3 15:12,26.7,4.75,7.57,657,217.1
2017/9/3 15:17,26.7,4.71,7.56,661,199.2
2017/9/3 15:22,26.7,4.67,7.56,655,254.8
2017/9/3 15:27,26.7,4.69,7.56,659,308.7
2017/9/3 15:32,26.8,4.82,7.56,659,262.8
2017/9/3 15:37,26.8,4.81,7.56,661,233.2
2017/9/3 15:42,26.7,4.96,7.58,661,304.3
2017/9/3 15:47,26.7,5.02,7.58,669,258.3
2017/9/3 15:52,26.7,4.91,7.61,625,304.3
2017/9/3 15:57,26.7,5,7.6,641,644
2017/9/3 16:02,26.7,5.03,7.59,637,550.2
2017/9/3 16:07,26.7,5.03,7.59,637,627.7
2017/9/3 16:12,26.7,5,7.59,647,304.3
2017/9/3 16:17,26.6,4.92,7.58,645,749
2017/9/3 16:22,26.6,4.96,7.58,643,304.3
2017/9/3 16:27,26.6,4.98,7.58,641,497.8
2017/9/3 16:32,26.7,4.92,7.57,635,304.3
2017/9/4 10:12,25.9,4.81,7.55,617,304.3
2017/9/4 10:17,26.5,4.73,7.71,617,778.8
2017/9/4 10:22,26.8,4.69,7.72,615,782.1
2017/9/4 10:27,26.8,4.69,7.83,619,635.6
2017/9/4 10:32,26.8,4.71,7.81,619,624
2017/9/4 10:37,26.9,4.73,7.8,617,612
2017/9/4 10:42,26.9,4.73,7.8,617,785.4
2017/9/4 10:47,26.9,4.81,7.72,619,304.3
2017/9/4 10:52,27,4.8,7.7,619,451
2017/9/4 10:57,27.1,4.84,7.69,637,236.1
2017/9/4 11:02,27.1,4.9,7.69,629,527.9
2017/9/4 11:07,27.1,4.94,7.69,629,200
2017/9/4 11:12,27.1,4.94,7.68,629,506.1
2017/9/4 11:17,27.1,4.9,7.68,619,166.7
2017/9/4 11:22,27.1,4.89,7.67,623,229.2
2017/9/4 11:27,27.1,4.87,7.66,623,366.4
2017/9/4 11:32,27.1,5.01,7.66,625,267.6
2017/9/4 11:37,27.1,4.98,7.66,619,129.5
2017/9/4 11:42,27.1,4.96,7.66,621,110.8
2017/9/4 11:47,27.1,5,7.66,617,837.5
2017/9/4 11:52,27.1,4.94,7.65,619,304.3
2017/9/4 11:57,27,4.91,7.65,619,214.4
2017/9/4 12:02,27.1,4.91,7.65,623,391.7
2017/9/4 12:07,27.1,4.92,7.65,619,334.1
2017/9/4 12:12,27,4.9,7.64,619,585.4
2017/9/4 12:17,27,4.88,7.63,619,156.3
2017/9/4 12:22,27,4.81,7.63,637,900.5
2017/9/4 12:27,27,4.83,7.63,637,283.6
2017/9/4 12:32,27,4.77,7.64,631,172.2
2017/9/4 12:37,27,4.79,7.63,629,174.8
2017/9/4 12:42,27.1,4.75,7.63,629,160.4
2017/9/4 12:47,26.9,4.75,7.63,621,286.4
2017/9/4 12:52,27,4.78,7.63,797,172.5
2017/9/4 12:57,26.9,4.71,7.63,863,216.6
2017/9/4 13:02,26.9,4.69,7.62,777,559.9
2017/9/4 13:07,26.9,4.76,7.62,747,130.6
2017/9/4 13:12,26.8,4.83,7.62,757,217.4
2017/9/4 13:17,26.8,4.96,7.64,661,184.3
2017/9/4 13:22,26.8,5,7.64,707,92.6
2017/9/4 13:27,26.8,4.96,7.64,673,176.4
2017/9/4 13:32,26.8,5.01,7.64,659,114.2
2017/9/4 13:37,26.8,5,7.63,647,106.6
2017/9/4 13:42,26.8,4.96,7.63,647,111
2017/9/4 13:47,26.8,4.96,7.62,645,116.6
2017/9/4 13:52,26.8,4.96,7.62,645,117.1
2017/9/4 13:57,26.8,5.05,7.62,645,123.6
2017/9/4 14:02,26.8,5.05,7.62,645,115.5
2017/9/4 14:07,26.8,5.04,7.63,645,111.6
2017/9/4 14:12,26.8,5.04,7.65,645,88.8
2017/9/4 14:17,26.8,5.04,7.64,645,86.6
2017/9/4 14:22,26.8,5.03,7.64,643,85.7
2017/9/4 14:27,26.8,4.98,7.64,645,85.9
2017/9/4 14:32,26.8,4.98,7.64,645,86.3
2017/9/4 14:37,26.8,4.96,7.63,631,752.7
2017/9/4 14:42,26.8,4.92,7.64,635,211.6
2017/9/4 14:47,26.9,4.94,7.64,635,105.3
2017/9/4 14:52,27,5.14,7.63,635,103.2
2017/9/4 14:57,27,5.1,7.63,635,105.3
2017/9/4 15:02,27.1,5.19,7.63,637,101.8
2017/9/4 15:07,27.1,5.31,7.63,635,108.4
2017/9/4 15:12,27.1,5.26,7.68,627,165.2
2017/9/4 15:17,27.1,5.26,7.68,641,243.9
2017/9/4 15:27,26.9,5.18,7.66,635,203
2017/9/4 15:32,27.1,5.11,7.65,635,206.5
2017/9/4 15:37,27.2,5.06,7.65,617,194.1
2017/9/4 15:42,27.2,5.06,7.65,589,205.1
2017/9/4 15:47,27.2,5.02,7.66,579,276.7
2017/9/4 15:52,27.3,5.06,7.65,577,274.6
2017/9/4 15:57,27.3,5.1,7.66,577,274.1
2017/9/4 16:02,27.3,4.96,7.64,579,274.1
2017/9/4 16:07,27.2,4.91,7.63,579,271.2
2017/9/4 16:12,27.3,4.9,7.63,581,272.6
2017/9/4 16:17,27.3,4.94,7.63,579,271.9
2017/9/4 16:22,27.4,4.92,7.62,581,274.5
2017/9/4 16:27,27.4,4.92,7.63,581,273.8
2017/9/4 16:32,27.3,4.86,7.63,583,277
2017/9/4 16:37,27.2,4.87,7.63,583,268.1
2017/9/4 16:42,27.2,4.89,7.62,583,269.5
2017/9/4 16:47,27.2,4.9,7.63,579,304.3
2017/9/4 16:52,27.2,4.9,7.63,581,268.7
2017/9/5 10:42,26.8,3.65,7.62,631,200.6
2017/9/5 10:47,27.1,3.67,7.74,629,203.6
2017/9/5 10:52,27.2,3.67,7.73,631,196
2017/9/5 10:57,27.2,3.65,7.65,631,190.4
2017/9/5 11:02,27.1,3.6,7.59,631,194.75
2017/9/5 11:07,27.2,3.64,7.6,637,199.1
2017/9/5 11:12,27.2,3.62,7.59,637,216.7
2017/9/5 11:17,27.1,3.76,7.58,639,247.3
2017/9/5 11:22,27.1,3.81,7.58,637,198.8
2017/9/5 11:27,27.1,3.79,7.57,639,219
2017/9/5 11:32,27.1,3.74,7.55,639,230.6
2017/9/5 11:37,27.1,3.71,7.55,639,208.4
2017/9/5 11:42,27.1,3.76,7.56,641,211.9
2017/9/5 11:47,27.2,3.78,7.56,639,200.8
2017/9/5 11:52,27.3,3.71,7.55,635,234.7
2017/9/5 11:57,27.4,3.55,7.55,637,198.5
2017/9/5 12:02,27.4,3.54,7.56,639,210.4
2017/9/5 12:07,27.4,3.68,7.55,637,204
2017/9/5 12:12,27.4,3.72,7.55,637,207.1
2017/9/5 12:17,27.3,3.86,7.55,639,203.6
2017/9/5 12:22,27.3,3.82,7.55,641,204.8
2017/9/5 12:27,27.4,3.77,7.54,637,202.8
2017/9/5 12:32,27.4,3.73,7.54,639,204.8
2017/9/5 12:37,27.5,3.56,7.54,637,203.6
2017/9/5 12:42,27.5,3.52,7.52,637,204.4
2017/9/5 12:47,27.5,3.55,7.52,639,201
2017/9/5 12:52,27.6,3.49,7.51,637,199.6
2017/9/5 12:57,27.6,3.58,7.51,631,195.9
2017/9/5 13:02,27.5,3.7,7.51,635,261.2
2017/9/5 13:07,27.4,3.75,7.52,637,266.8
2017/9/5 13:12,27.5,3.76,7.52,637,201.6
2017/9/5 13:17,27.5,3.75,7.53,637,200.2
2017/9/5 13:22,27.7,4.19,7.59,645,536.4
2017/9/5 13:27,28,4.41,7.62,633,623.5
2017/9/5 13:32,28,4.38,7.63,635,269.3
2017/9/5 13:37,28,4.48,7.64,633,438.7
2017/9/5 13:42,28,4.62,7.65,631,214.2
2017/9/5 13:47,27.6,4.55,7.63,633,455.5
2017/9/5 13:57,27.7,5.33,7.65,623,335.3
2017/9/5 14:02,27.8,5.19,7.64,629,326.8
2017/9/5 14:07,27.7,4.91,7.66,619,491.2
2017/9/5 14:12,27.7,4.98,7.67,631,971.9
2017/9/5 14:17,27.8,4.98,7.68,641,743.4
2017/9/5 14:22,27.9,4.87,7.68,643,746.6
2017/9/5 14:27,27.8,4.69,7.67,643,903.5
2017/9/5 14:32,28,4.81,7.67,651,774
2017/9/5 14:37,28,4.81,7.67,651,798.3
2017/9/5 14:42,27.9,4.73,7.66,653,800.1
2017/9/5 14:47,27.7,4.71,7.65,659,798.6
2017/9/5 14:52,27.7,4.63,7.64,657,783.1
2017/9/5 14:57,27.7,4.57,7.64,651,876.6
2017/9/5 15:02,27.7,4.52,7.63,655,780.6
2017/9/5 15:07,27.7,4.41,7.63,653,830
2017/9/5 15:12,27.7,4.42,7.62,655,827.5
2017/9/5 15:17,27.7,4.42,7.62,663,475.3
2017/9/5 15:22,27.7,4.59,7.65,679,476.2
2017/9/5 15:27,27.8,4.52,7.66,681,419.6
2017/9/5 15:32,27.8,4.5,7.65,687,363.1
2017/9/5 15:37,27.7,4.56,7.68,657,306.5
2017/9/5 15:42,27.9,4.61,7.67,669,257
2017/9/5 15:47,28.1,4.73,7.68,673,282
2017/9/5 15:52,28,4.59,7.67,671,282.5
2017/9/5 15:57,27.9,4.73,7.67,645,262.2
2017/9/5 16:02,27.8,4.67,7.68,645,216.4
2017/9/5 16:07,27.9,4.67,7.69,701,229.9
2017/9/5 16:12,27.9,4.63,7.68,693,209.1
2017/9/5 16:17,27.8,4.58,7.66,703,189.9
2017/9/5 16:22,27.7,4.52,7.65,699,195.3
2017/9/5 16:27,27.7,4.58,7.65,689,198.2
2017/9/6 10:22,26.7,3.67,7.55,683,668.2
2017/9/6 10:27,26.9,3.5,7.56,685,498.2
2017/9/6 10:32,27,3.52,7.66,687,518.3
2017/9/6 10:37,27,3.59,7.65,687,623.3
2017/9/6 10:42,26.9,3.53,7.59,687,301.65
2017/9/6 10:47,27,3.56,7.55,691,301.65
2017/9/6 10:52,27,3.48,7.54,691,301.65
2017/9/6 10:57,27,3.5,7.54,695,301.65
2017/9/6 11:02,27,3.5,7.53,691,301.65
2017/9/6 11:07,27,3.53,7.53,695,301.65
2017/9/6 11:12,27.1,3.52,7.53,695,301.65
2017/9/6 11:17,27.1,3.46,7.53,699,301.65
2017/9/6 11:22,27.1,3.43,7.53,699,301.65
2017/9/6 11:27,27.1,3.44,7.53,699,301.65
2017/9/6 11:32,27.1,3.47,7.51,697,301.65
2017/9/6 11:37,27.1,3.48,7.5,695,301.65
2017/9/6 11:42,27.1,3.51,7.51,697,301.65
2017/9/6 11:47,27.1,3.56,7.52,699,301.65
2017/9/6 11:52,27.1,3.55,7.5,699,301.65
2017/9/6 11:57,27.1,3.43,7.49,671,301.65
2017/9/6 12:02,27.1,3.56,7.52,689,273.4
2017/9/6 12:07,27.1,3.54,7.52,693,347.3
2017/9/6 12:12,27.2,3.58,7.52,695,349.3
2017/9/6 12:17,27.1,3.56,7.52,695,310.2
2017/9/6 12:22,27.2,3.61,7.5,695,288.4
2017/9/6 12:27,27.3,3.67,7.51,695,295.8
2017/9/6 12:32,27.4,3.54,7.49,699,270.2
2017/9/6 12:37,27.3,3.59,7.45,699,278.5
2017/9/6 12:42,27.3,3.64,7.42,699,282
2017/9/6 12:47,27.3,3.69,7.42,699,274.1
2017/9/6 12:52,27.2,3.7,7.46,695,330.2
2017/9/6 12:57,27.1,3.76,7.52,671,183.3
2017/9/6 13:02,27.2,3.76,7.54,677,201.1
2017/9/6 13:07,27.3,3.73,7.54,675,213.4
2017/9/6 13:12,27.4,3.74,7.55,679,193.9
2017/9/6 13:17,27.4,3.75,7.54,679,158.4
2017/9/6 13:22,27.6,3.86,7.55,661,469.5
2017/9/6 13:27,27.6,4.17,7.57,661,247.8
2017/9/6 13:32,27.6,4.16,7.55,665,237.1
2017/9/6 13:37,27.6,4.14,7.55,667,183.6
2017/9/6 13:42,27.5,4.19,7.55,669,221.3
2017/9/6 13:47,27.5,4.25,7.55,669,191.8
2017/9/6 13:52,27.5,4.15,7.55,671,204.9
2017/9/6 13:57,27.5,4.21,7.56,667,176.7
2017/9/6 14:02,27.5,4.25,7.56,669,205.5
2017/9/6 14:07,27.4,4.07,7.55,669,239.3
2017/9/6 14:12,27.4,4.04,7.55,671,237.1
2017/9/6 14:17,27.4,4.01,7.53,671,192.7
2017/9/6 14:22,27.5,4.25,7.54,673,247.8
2017/9/6 14:27,27.5,4.19,7.53,673,237.6
2017/9/6 14:32,27.5,4.23,7.55,675,218.2
2017/9/6 14:37,27.5,4.3,7.56,677,198.6
2017/9/6 14:42,27.5,4.42,7.58,671,299.5
2017/9/6 14:47,27.4,4.17,7.56,675,202
2017/9/6 14:52,27.4,4.15,7.56,675,196.3
2017/9/6 14:57,27.4,4.17,7.55,675,299.4
2017/9/6 15:02,27.4,4.12,7.55,679,218.4
2017/9/6 15:07,27.4,4.17,7.52,679,277.4
2017/9/6 15:12,27.4,4.25,7.56,663,976.5
2017/9/6 15:17,27.4,4.1,7.58,657,268.9
2017/9/6 15:22,27.4,4.01,7.57,657,325.4
2017/9/6 15:27,27.4,4.25,7.58,619,246.5
2017/9/6 15:32,27.4,4.37,7.58,617,386.5
2017/9/6 15:37,27.4,4.42,7.57,607,244.6
2017/9/6 15:42,27.5,4.46,7.58,613,351.9
2017/9/6 15:47,27.5,4.4,7.56,613,299.3
2017/9/6 15:52,27.5,4.46,7.58,611,284.8
2017/9/6 15:57,27.4,4.52,7.58,609,346.3
2017/9/6 16:02,27.5,4.52,7.57,609,338.6
2017/9/6 16:07,27.5,4.26,7.55,611,325.5
2017/9/6 16:12,27.4,4.21,7.56,667,723.4
2017/9/6 16:17,27.4,4.19,7.58,669,774.8
2017/9/6 16:22,27.4,4.13,7.56,669,781.7
2017/9/6 16:27,27.3,4.13,7.55,669,757.8
2017/9/6 16:32,27.4,4.17,7.53,669,723.5
2017/9/6 16:37,27.4,4.15,7.53,671,713.4
2017/9/6 16:42,27.4,4.14,7.53,671,750.7
2017/9/6 16:47,27.4,4.14,7.5,671,747.4
2017/9/6 16:52,27.3,4.13,7.53,669,750.2
2017/9/6 16:57,27.3,4.1,7.51,669,728
2017/9/7 9:12,25.9,3.57,7.53,621,219.4
2017/9/7 9:17,26.4,3.53,7.53,645,812.1
2017/9/7 9:22,26.4,3.48,7.56,669,173.3
2017/9/7 9:27,26.4,3.56,7.64,669,173
2017/9/7 9:32,26.4,3.57,7.62,669,170.5
2017/9/7 9:37,26.4,3.45,7.62,669,301.65
2017/9/7 9:42,26.4,3.52,7.61,663,301.65
2017/9/7 9:47,26.4,3.54,7.6,671,715.6
2017/9/7 9:52,26.4,3.39,7.58,669,691.8
2017/9/7 9:57,26.4,3.43,7.48,671,518.7
2017/9/7 10:02,26.4,3.42,7.48,671,540.4
2017/9/7 10:07,26.5,2.93,7.46,673,484.6
2017/9/7 10:12,26.5,3.16,7.46,673,512.5
2017/9/7 10:17,26.5,2.85,7.45,673,511.4
2017/9/7 10:22,26.5,2.83,7.45,675,477.5
2017/9/7 10:27,26.5,2.94,7.45,677,492.2
2017/9/7 10:32,26.5,3.04,7.45,673,470
2017/9/7 10:37,26.5,2.96,7.46,677,474
2017/9/7 10:42,26.5,3.08,7.45,665,464.1
2017/9/7 10:47,26.4,3.37,7.47,663,275.6
2017/9/7 10:52,26.4,3.3,7.47,651,301.65
2017/9/7 10:57,26.4,3.3,7.47,637,301.65
2017/9/7 11:02,26.5,3.3,7.49,635,218.4
2017/9/7 11:07,26.4,2.81,7.48,635,196.8
2017/9/7 11:12,26.5,3.08,7.47,635,322.9
2017/9/7 11:17,26.4,3.32,7.47,635,219.4
2017/9/7 11:22,26.4,3.33,7.46,635,237.7
2017/9/7 11:27,26.5,3.08,7.47,637,249.2
2017/9/7 11:32,26.5,3.14,7.47,637,229.9
2017/9/7 11:37,26.5,2.86,7.46,637,255.6
2017/9/7 11:42,26.5,3.03,7.45,637,217.6
2017/9/7 11:47,26.5,3.13,7.45,637,228.3
2017/9/7 11:52,26.5,3.14,7.46,639,239.1
2017/9/7 11:57,26.5,3.23,7.45,635,216.8
2017/9/7 12:02,26.4,3.14,7.47,719,230.2
2017/9/7 12:07,26.4,3.23,7.48,671,413.2
2017/9/7 12:12,26.4,3.28,7.48,673,221.1
2017/9/7 12:17,26.5,3.28,7.47,675,276.5
2017/9/7 12:22,26.5,3.28,7.45,675,284.1
2017/9/7 12:27,26.4,3.29,7.46,681,301.65
2017/9/7 12:32,26.5,3.34,7.45,685,301.65
2017/9/7 12:37,26.5,3.42,7.45,687,301.65
2017/9/7 12:42,26.5,3.48,7.45,687,301.65
2017/9/7 12:47,26.5,3.48,7.45,685,301.65
2017/9/7 12:52,26.5,3.55,7.45,683,301.65
2017/9/7 12:57,26.6,3.57,7.44,667,301.65
2017/9/7 13:02,26.6,3.58,7.43,677,301.65
2017/9/7 13:07,26.6,3.58,7.43,677,301.65
2017/9/7 13:12,26.6,3.56,7.43,677,301.65
2017/9/7 13:17,26.6,3.51,7.45,679,301.65
2017/9/7 13:22,26.6,3.5,7.45,677,301.65
2017/9/7 13:27,26.6,3.47,7.47,647,989.1
2017/9/7 13:32,26.7,3.62,7.47,647,372.6
2017/9/7 13:37,26.7,3.8,7.47,647,388.4
2017/9/7 13:42,26.7,3.74,7.47,645,385.8
2017/9/7 13:47,26.7,3.59,7.47,643,409.6
2017/9/7 13:52,26.7,3.49,7.47,643,627.8
2017/9/7 13:57,26.7,3.48,7.47,667,323.9
2017/9/7 14:02,26.7,3.56,7.47,669,809.3
2017/9/7 14:07,26.7,3.59,7.47,667,721
2017/9/7 14:12,26.7,3.55,7.47,669,736.7
2017/9/7 14:17,26.7,3.53,7.46,669,713.8
2017/9/7 14:22,26.7,3.5,7.45,669,726.6
2017/9/7 14:27,26.7,3.51,7.45,669,713.7
2017/9/7 14:32,26.8,3.53,7.45,669,697.5
2017/9/7 14:37,26.8,3.55,7.47,673,195.6
2017/9/7 14:42,26.8,3.57,7.47,675,206.8
2017/9/7 14:47,26.8,3.56,7.47,675,224.6
2017/9/7 14:52,27,3.79,7.5,677,398
2017/9/7 14:57,27.1,3.84,7.5,677,397.4
2017/9/7 15:02,27.1,3.91,7.5,681,271.7
2017/9/7 15:07,27.1,3.95,7.5,679,302.6
2017/9/7 15:12,27.2,3.99,7.5,681,273.9
2017/9/7 15:17,27.3,4.03,7.5,683,269.5
2017/9/7 15:22,27.2,3.76,7.48,681,278
2017/9/7 15:27,27.1,3.71,7.47,681,271.2
2017/9/7 15:32,27.2,3.76,7.48,683,256.6
2017/9/7 15:37,27.2,4.17,7.52,653,301.65
2017/9/7 15:42,27.3,4.14,7.53,695,507.7
2017/9/7 15:47,27.5,4.27,7.54,695,308.2
2017/9/7 15:52,27.5,4.17,7.53,711,251.7
2017/9/7 15:57,27.5,4.25,7.52,705,263.4
2017/9/7 16:02,27.5,4.19,7.52,705,296.1
2017/9/7 16:07,27.4,4.07,7.52,707,260.1
2017/9/7 16:12,27.1,3.88,7.51,705,233.3
2017/9/7 16:17,27.2,4.09,7.53,815,281.2
2017/9/7 16:22,27.3,4.03,7.53,825,230.7
2017/9/7 16:27,27.1,3.91,7.52,819,329.5
2017/9/9 10:02,25.9,4.08,7.52,655,258.7
2017/9/10 14:22,28,4.59,7.37,623,212.4
2017/9/10 14:27,28.2,5.09,7.52,623,390
2017/9/10 14:32,28.5,5.08,7.57,657,364
2017/9/10 14:37,28.5,5.18,7.55,689,219
2017/9/10 14:42,28.5,5.07,7.54,691,205.3
2017/9/10 14:47,28.5,4.94,7.51,675,192.6
2017/9/10 14:52,28.3,5.04,7.52,685,301.65
2017/9/10 14:57,28.5,4.87,7.51,697,771.7
2017/9/10 15:02,28.4,4.96,7.5,701,423.8
2017/9/10 15:07,28.3,5.05,7.49,701,431.6
2017/9/10 15:12,28.2,5.08,7.48,705,527.7
2017/9/10 15:17,28.2,5.05,7.48,701,602.8
2017/9/10 15:22,28.2,5.02,7.48,701,471.8
2017/9/10 15:27,28.3,5.09,7.48,711,553.2
2017/9/10 15:32,28.3,5.19,7.48,711,608.3
2017/9/10 15:37,28.3,5.09,7.49,707,425.9
2017/9/10 15:42,28.2,5.03,7.49,711,670.8
2017/9/10 15:47,28.1,5.01,7.52,651,162.2
2017/9/10 15:52,28.1,4.94,7.49,659,155.6
2017/9/11 9:02,26.5,3.64,7.47,699,249.1
2017/9/11 9:07,26.8,3.6,7.56,705,404
2017/9/11 9:12,26.8,3.6,7.58,705,251.4
2017/9/11 9:17,26.8,3.63,7.48,705,315.3
2017/9/11 9:22,26.8,3.6,7.47,679,544.8
2017/9/11 9:27,26.8,3.64,7.47,683,620.9
2017/9/11 9:32,26.8,3.51,7.45,685,233.1
2017/9/11 9:37,26.8,3.45,7.46,659,696.2
2017/9/11 9:42,26.8,3.51,7.45,747,507.4
2017/9/11 9:47,26.8,3.63,7.43,747,441.2
2017/9/11 9:52,26.8,3.66,7.41,747,437.6
2017/9/11 9:57,26.8,3.73,7.42,743,428.2
2017/9/11 10:02,26.8,3.7,7.42,743,582.5
2017/9/11 10:07,26.8,3.68,7.42,713,301.65
2017/9/11 10:12,26.8,3.52,7.43,713,334.7
2017/9/11 10:17,26.8,3.43,7.42,693,353.6
2017/9/11 10:22,26.8,3.57,7.42,691,298.9
2017/9/11 10:27,26.8,3.63,7.41,673,245.7
2017/9/11 10:32,26.8,3.68,7.42,691,274.9
2017/9/11 10:37,26.8,3.67,7.42,673,239.4
2017/9/11 10:42,26.8,3.67,7.41,665,245
2017/9/11 10:47,26.8,3.66,7.42,675,268.6
2017/9/11 10:52,26.8,3.62,7.4,669,241.1
2017/9/11 10:57,26.8,3.56,7.39,671,231.7
2017/9/11 11:02,26.8,3.54,7.39,669,231.5
2017/9/11 11:07,26.8,3.52,7.42,681,500.6
2017/9/11 11:12,26.8,3.41,7.42,687,552
2017/9/11 11:17,26.8,3.44,7.42,705,340.2
2017/9/11 11:22,26.8,3.51,7.4,709,255.6
2017/9/11 11:27,26.8,3.51,7.4,711,266.9
2017/9/11 11:32,26.8,3.5,7.39,715,358.4
2017/9/11 11:37,26.8,3.49,7.38,715,343.6
2017/9/11 11:42,26.8,3.45,7.38,713,360.2
2017/9/11 11:47,26.8,3.45,7.37,717,409.8
2017/9/11 11:52,26.8,3.48,7.37,725,424.8
2017/9/11 11:57,26.8,3.45,7.38,721,457.6
2017/9/11 12:02,26.8,3.43,7.38,719,404.2
2017/9/11 12:07,26.8,3.46,7.37,719,343
2017/9/11 12:12,26.8,3.49,7.37,715,313.6
2017/9/11 12:17,26.8,3.42,7.36,715,277.2
2017/9/11 12:22,26.8,3.38,7.36,715,293.7
2017/9/11 12:27,26.8,3.36,7.36,717,316.8
2017/9/11 12:32,26.8,3.36,7.36,717,357.4
2017/9/11 12:37,26.8,3.31,7.39,711,471.7
2017/9/11 12:42,26.8,3.3,7.38,711,409.6
2017/9/11 12:47,26.8,3.3,7.38,709,415.8
2017/9/11 12:52,26.8,3.37,7.38,707,434.1
2017/9/11 12:57,26.7,3.34,7.4,699,301.65
2017/9/11 13:02,26.7,3.36,7.39,711,301.65
2017/9/11 13:07,26.8,3.46,7.39,715,301.65
2017/9/11 13:12,26.8,3.52,7.39,717,301.65
2017/9/11 13:17,26.8,3.48,7.39,717,301.65
2017/9/11 13:22,26.8,3.51,7.39,717,301.65
2017/9/11 13:27,26.8,3.48,7.38,717,301.65
2017/9/11 13:32,26.8,3.52,7.39,685,301.65
2017/9/11 13:37,26.7,3.48,7.41,695,301.65
2017/9/11 13:42,26.7,3.48,7.4,693,301.65
2017/9/11 13:47,26.7,3.57,7.42,697,301.65
2017/9/11 13:52,26.7,3.58,7.42,693,301.65
2017/9/11 13:57,26.8,3.56,7.41,691,301.65
2017/9/11 14:02,26.7,3.59,7.41,691,301.65
2017/9/11 14:07,26.8,3.57,7.42,691,301.65
2017/9/11 14:12,26.8,3.59,7.41,691,301.65
2017/9/11 14:17,26.8,3.57,7.41,691,301.65
2017/9/11 14:22,26.8,3.59,7.41,691,301.65
2017/9/11 14:27,26.8,3.6,7.4,695,301.65
2017/9/11 14:32,26.8,3.61,7.4,695,301.65
2017/9/11 14:37,26.7,3.64,7.4,699,301.65
2017/9/11 14:42,26.7,3.65,7.39,695,301.65
2017/9/11 14:47,26.8,3.61,7.39,695,301.65
2017/9/11 14:52,26.8,3.63,7.39,693,301.65
2017/9/11 14:57,26.8,3.56,7.4,695,301.65
2017/9/11 15:02,26.8,3.58,7.4,695,301.65
2017/9/11 15:07,26.8,3.64,7.41,695,301.65
2017/9/11 15:12,26.8,3.68,7.41,695,301.65
2017/9/11 15:17,26.8,3.68,7.41,695,301.65
2017/9/11 15:22,26.8,3.69,7.4,695,301.65
2017/9/11 15:27,26.8,3.66,7.39,695,301.65
2017/9/11 15:32,26.8,3.63,7.42,671,301.65
2017/9/11 15:37,26.8,3.54,7.41,675,301.65
2017/9/11 15:42,26.8,3.55,7.4,675,301.65
2017/9/11 15:47,26.8,3.61,7.4,677,301.65
2017/9/11 15:52,26.8,3.61,7.39,675,301.65
2017/9/11 15:57,26.8,3.61,7.39,677,301.65
2017/9/11 16:02,26.8,3.56,7.37,677,301.65
2017/9/11 16:07,26.7,3.55,7.4,681,301.65
2017/9/11 16:12,26.7,3.54,7.39,683,301.65
2017/9/11 16:17,26.8,3.51,7.37,685,301.65
2017/9/11 16:22,26.8,3.51,7.36,685,301.65
2017/9/11 16:27,26.8,3.49,7.35,685,301.65
2017/9/11 16:32,26.8,3.52,7.35,685,301.65
2017/9/11 16:37,26.8,3.5,7.34,687,301.65
2017/9/11 16:42,26.8,3.48,7.35,685,301.65
2017/9/11 16:47,26.8,3.44,7.35,687,301.65
2017/9/12 9:32,26.7,3.18,7.44,679,301.65
2017/9/12 9:37,27.1,3.17,7.53,679,301.65
2017/9/12 9:42,27.1,3.09,7.55,681,372.6
2017/9/12 9:47,27.2,2.92,7.47,683,380.9
2017/9/12 9:52,27.2,3.16,7.44,683,385
2017/9/12 9:57,27.2,3.33,7.44,683,390.8
2017/9/12 10:02,27.1,3.38,7.46,681,434
2017/9/12 10:07,27.2,3.44,7.47,689,212.7
2017/9/12 10:12,27.2,3.35,7.45,691,196.2
2017/9/12 10:17,27.1,3.34,7.43,691,201.2
2017/9/12 10:22,27.1,3.34,7.42,693,184.8
2017/9/12 10:27,27.1,3.4,7.42,693,178.6
2017/9/12 10:32,27.3,3.35,7.41,693,179
2017/9/12 10:37,28,3.72,7.42,695,177.6
2017/9/12 10:42,28,3.71,7.41,695,177.4
2017/9/12 10:47,27.5,3.45,7.39,695,177.2
2017/9/12 10:52,27.6,3.52,7.39,697,177.2
2017/9/12 10:57,27.6,3.5,7.39,699,177.3
2017/9/12 11:02,27.5,3.49,7.39,699,177
2017/9/12 11:07,27.4,3.62,7.4,699,176.7
2017/9/12 11:12,27.4,3.69,7.41,699,174.9
2017/9/12 11:17,27.2,3.62,7.41,697,175.6
2017/9/12 11:22,27.2,3.69,7.42,701,177.1
2017/9/12 11:27,27.5,3.6,7.43,695,197.5
2017/9/12 11:32,27.5,3.53,7.41,695,195.6
2017/9/12 11:37,27.9,3.66,7.41,699,175.4
2017/9/12 11:42,27.9,3.7,7.4,699,203
2017/9/12 11:47,27.5,3.34,7.38,689,175.8
2017/9/12 11:52,27.5,3.53,7.37,695,173.6
2017/9/12 11:57,27.7,3.73,7.39,695,173.2
2017/9/12 12:02,27.8,3.7,7.38,701,173.3
2017/9/12 12:07,27.6,3.68,7.38,697,180.4
2017/9/12 12:12,27.6,3.74,7.41,693,620.9
2017/9/12 12:17,27.6,3.66,7.4,685,351.7
2017/9/12 12:22,27.7,3.75,7.41,681,373.7
2017/9/12 12:27,27.9,3.77,7.41,677,395.7
2017/9/12 12:32,28,3.79,7.41,681,307.7
2017/9/12 12:37,27.5,3.57,7.39,677,329.7
2017/9/12 12:42,27.6,3.69,7.41,683,307.7
2017/9/12 12:47,27.8,3.67,7.41,677,263.7
2017/9/12 12:52,27.8,3.66,7.4,667,223.1
2017/9/12 12:57,28,3.68,7.42,693,791.2
2017/9/12 13:02,28,3.74,7.39,691,646.4
2017/9/12 13:07,28,3.75,7.37,691,649.2
2017/9/12 13:12,28,3.83,7.4,693,403.8
2017/9/12 13:17,28.1,3.83,7.39,693,441.6
2017/9/12 13:22,28.1,3.84,7.39,693,380.8
2017/9/12 13:27,28.2,3.87,7.39,693,313.2
2017/9/12 13:32,28.1,3.87,7.41,721,124
2017/9/12 13:37,28.2,3.91,7.41,711,130.2
2017/9/12 13:42,28.3,3.89,7.39,723,140.9
2017/9/12 13:47,28.4,3.88,7.38,725,160.6
2017/9/12 13:52,28.5,3.9,7.38,721,144.4
2017/9/12 13:57,28.5,3.93,7.38,721,159.6
2017/9/12 14:02,28.5,3.94,7.42,683,184.7
2017/9/12 14:07,28.5,4,7.41,661,209.9
2017/9/12 14:12,28.5,4,7.41,667,260.2
2017/9/12 14:17,28.4,3.99,7.41,661,310.5
2017/9/12 14:22,28.4,3.94,7.41,663,335.65
2017/9/12 14:27,28.4,4.03,7.44,693,360.8
2017/9/12 14:32,28.4,3.99,7.42,699,224.6
2017/9/12 14:37,28.4,3.93,7.42,699,349.1
2017/9/12 14:42,28.5,3.9,7.41,707,411.4
2017/9/12 14:47,28.3,3.81,7.41,711,473.6
2017/9/12 14:52,28.3,3.85,7.39,713,441.6
2017/9/12 14:57,28.4,3.97,7.41,691,560.8
2017/9/12 15:02,28.4,4.01,7.44,689,366.2
2017/9/12 15:07,28.3,3.95,7.44,691,337.1
2017/9/12 15:12,28.2,3.92,7.41,697,275
2017/9/12 15:17,28.1,3.91,7.41,697,292.8
2017/9/12 15:22,28,3.94,7.43,685,272
2017/9/12 15:27,28.3,3.91,7.44,691,251.2
2017/9/12 15:32,28.3,3.95,7.44,675,230.4
2017/9/12 15:37,28.2,3.95,7.44,675,209.6
2017/9/12 15:42,28.3,3.97,7.44,683,230.3
2017/9/12 15:47,28.3,3.99,7.43,691,207.1
2017/9/12 15:52,28.3,4.07,7.44,689,208.7
2017/9/12 15:57,28.3,4.07,7.44,691,229.7
2017/9/12 16:02,28.2,4.1,7.45,697,683.7
2017/9/12 16:07,28.2,4.04,7.46,691,625.9
2017/9/12 16:12,28.1,4.08,7.46,689,256.8
2017/9/12 16:17,28.2,4.06,7.45,691,246.4
2017/9/15 15:47,27.5,4.39,7.38,705,162.5
2017/9/15 15:52,26.7,4.71,7.61,707,165.1
2017/9/15 15:57,26.8,4.67,7.7,705,160.4
2017/9/15 16:02,26.8,4.59,7.7,705,155.5
2017/9/15 16:07,26.8,4.44,7.63,705,160.7
2017/9/15 16:12,26.8,4.39,7.6,707,158.8
2017/9/15 16:17,26.8,4.35,7.58,709,159
2017/9/15 16:22,26.8,4.29,7.58,707,154.5
2017/9/15 16:27,26.7,4.26,7.58,709,210.9
2017/9/15 16:32,26.7,4.21,7.55,709,201.8
2017/9/15 16:37,26.7,4.23,7.55,709,186.1
2017/9/15 16:42,26.7,4.17,7.55,711,192.4
2017/9/15 16:47,26.7,4.17,7.56,711,179.5
2017/9/16 14:42,26.8,5.97,7.75,661,374.1
2017/9/16 14:47,27.1,5.8,7.68,659,365.3
2017/9/16 14:52,27.1,5.63,7.64,649,377.2
2017/9/16 14:57,27.1,5.76,7.68,695,794.3
2017/9/16 15:02,27.2,5.74,7.71,693,636
2017/9/16 15:07,27.2,5.6,7.69,689,767.6
2017/9/16 15:12,26.8,5.31,7.66,687,449.9
2017/9/16 15:17,26.6,5.13,7.64,689,410.4
2017/9/16 15:22,26.6,4.98,7.66,695,410.4
